"idGame","slugTeam","idTeam","teamName","cityTeam","minExact","ptsOffTOV","ptsSecondChance","ptsFastBreak","ptsPaint","ptsOffTOVOpponent","ptsSecondChanceOpponent","ptsFastBreakOpponent","ptsPaintOpponent","blk","blka","pf","pfd"
21900001,"TOR",1610612761,"Raptors","Toronto",265,22,19,20,56,20,9,13,38,3,9,24,34
21900001,"NOP",1610612740,"Pelicans","New Orleans",265,20,9,13,38,22,19,20,56,9,3,34,24
21900002,"LAL",1610612747,"Lakers","Los Angeles",240,17,6,5,40,25,12,22,42,7,5,24,25
21900002,"LAC",1610612746,"Clippers","LA",240,25,12,22,42,17,6,5,40,5,7,25,24
21900003,"CHI",1610612741,"Bulls","Chicago",240,29,17,21,78,13,12,25,42,4,4,20,18
21900003,"CHA",1610612766,"Hornets","Charlotte",240,13,12,25,42,29,17,21,78,4,4,18,20
21900004,"IND",1610612754,"Pacers","Indiana",240,17,19,8,50,14,17,12,46,6,6,28,21
21900004,"DET",1610612765,"Pistons","Detroit",240,14,17,12,46,17,19,8,50,6,6,21,28
21900005,"ORL",1610612753,"Magic","Orlando",240,11,8,14,50,11,7,10,42,4,2,18,15
21900005,"CLE",1610612739,"Cavaliers","Cleveland",240,11,7,10,42,11,8,14,50,2,4,15,18
21900006,"MIN",1610612750,"Timberwolves","Minnesota",265,15,14,8,60,14,8,20,60,4,9,22,30
21900006,"BKN",1610612751,"Nets","Brooklyn",265,14,8,20,60,15,14,8,60,9,4,30,22
21900007,"MIA",1610612748,"Heat","Miami",240,24,16,12,60,24,15,20,56,8,7,33,31
21900007,"MEM",1610612763,"Grizzlies","Memphis",240,24,15,20,56,24,16,12,60,7,8,31,33
21900008,"PHI",1610612755,"76ers","Philadelphia",240,11,17,14,58,20,16,8,44,7,2,34,29
21900008,"BOS",1610612738,"Celtics","Boston",240,20,16,8,44,11,17,14,58,2,7,29,34
21900009,"WAS",1610612764,"Wizards","Washington",240,17,19,20,44,18,12,14,36,3,5,32,22
21900009,"DAL",1610612742,"Mavericks","Dallas",240,18,12,14,36,17,19,20,44,5,3,22,32
21900010,"SAS",1610612759,"Spurs","San Antonio",240,16,15,30,54,32,6,29,58,5,1,18,32
21900010,"NYK",1610612752,"Knicks","New York",240,32,6,29,58,16,15,30,54,1,5,32,18
21900011,"UTA",1610612762,"Jazz","Utah",240,10,8,18,58,8,11,7,34,5,4,31,23
21900011,"OKC",1610612760,"Thunder","Oklahoma City",240,8,11,7,34,10,8,18,58,4,5,23,31
21900012,"SAC",1610612758,"Kings","Sacramento",240,6,15,11,34,35,18,27,68,5,9,24,25
21900012,"PHX",1610612756,"Suns","Phoenix",240,35,18,27,68,6,15,11,34,9,5,25,24
21900013,"POR",1610612757,"Trail Blazers","Portland",240,18,23,12,54,12,7,10,22,4,4,25,23
21900013,"DEN",1610612743,"Nuggets","Denver",240,12,7,10,22,18,23,12,54,4,4,23,25
21900014,"DET",1610612765,"Pistons","Detroit",240,13,10,4,36,20,10,18,60,5,2,20,15
21900014,"ATL",1610612737,"Hawks","Atlanta",240,20,10,18,60,13,10,4,36,2,5,15,20
21900015,"MIL",1610612749,"Bucks","Milwaukee",240,21,11,17,46,10,13,27,34,10,6,27,25
21900015,"HOU",1610612745,"Rockets","Houston",240,10,13,27,34,21,11,17,46,6,10,25,27
21900016,"LAC",1610612746,"Clippers","LA",240,14,6,19,58,20,13,25,40,5,0,24,21
21900016,"GSW",1610612744,"Warriors","Golden State",240,20,13,25,40,14,6,19,58,0,5,21,24
21900017,"TOR",1610612761,"Raptors","Toronto",240,8,2,11,36,26,21,11,54,6,8,28,20
21900017,"BOS",1610612738,"Celtics","Boston",240,26,21,11,54,8,2,11,36,8,6,20,28
21900018,"MIN",1610612750,"Timberwolves","Minnesota",240,22,17,8,56,16,7,14,44,6,5,21,29
21900018,"CHA",1610612766,"Hornets","Charlotte",240,16,7,14,44,22,17,8,56,5,6,29,21
21900019,"NYK",1610612752,"Knicks","New York",240,22,15,13,32,31,12,21,34,4,2,31,26
21900019,"BKN",1610612751,"Nets","Brooklyn",240,31,12,21,34,22,15,13,32,2,4,26,31
21900020,"MEM",1610612763,"Grizzlies","Memphis",240,11,19,16,56,17,15,25,52,6,7,21,21
21900020,"CHI",1610612741,"Bulls","Chicago",240,17,15,25,52,11,19,16,56,7,6,21,21
21900021,"NOP",1610612740,"Pelicans","New Orleans",240,17,9,15,54,20,12,28,56,3,7,22,19
21900021,"DAL",1610612742,"Mavericks","Dallas",240,20,12,28,56,17,9,15,54,7,3,19,22
21900022,"WAS",1610612764,"Wizards","Washington",240,17,13,10,46,11,3,7,42,6,6,21,18
21900022,"OKC",1610612760,"Thunder","Oklahoma City",240,11,3,7,42,17,13,10,46,6,6,18,21
21900023,"PHX",1610612756,"Suns","Phoenix",265,14,7,10,48,23,10,14,48,1,12,35,26
21900023,"DEN",1610612743,"Nuggets","Denver",265,23,10,14,48,14,7,10,48,12,1,26,35
21900024,"SAC",1610612758,"Kings","Sacramento",240,21,19,10,38,24,12,4,46,2,5,26,23
21900024,"POR",1610612757,"Trail Blazers","Portland",240,24,12,4,46,21,19,10,38,5,2,23,26
21900025,"UTA",1610612762,"Jazz","Utah",240,17,4,14,38,22,15,13,40,2,9,25,21
21900025,"LAL",1610612747,"Lakers","Los Angeles",240,22,15,13,40,17,4,14,38,9,2,21,25
21900026,"MIL",1610612749,"Bucks","Milwaukee",265,16,5,25,42,27,13,11,48,4,3,32,30
21900026,"MIA",1610612748,"Heat","Miami",265,27,13,11,48,16,5,25,42,3,4,30,32
21900027,"PHI",1610612755,"76ers","Philadelphia",240,31,6,7,50,23,12,10,54,3,7,26,28
21900027,"DET",1610612765,"Pistons","Detroit",240,23,12,10,54,31,6,7,50,7,3,28,26
21900028,"ORL",1610612753,"Magic","Orlando",240,19,23,8,50,10,13,14,60,7,9,15,26
21900028,"ATL",1610612737,"Hawks","Atlanta",240,10,13,14,60,19,23,8,50,9,7,26,15
21900029,"NYK",1610612752,"Knicks","New York",240,16,23,2,40,36,14,16,50,4,9,26,26
21900029,"BOS",1610612738,"Celtics","Boston",240,36,14,16,50,16,23,2,40,9,4,26,26
21900030,"IND",1610612754,"Pacers","Indiana",240,27,9,13,48,13,14,4,50,3,7,25,20
21900030,"CLE",1610612739,"Cavaliers","Cleveland",240,13,14,4,50,27,9,13,48,7,3,20,25
21900031,"TOR",1610612761,"Raptors","Toronto",240,18,6,25,38,20,15,7,38,12,2,25,22
21900031,"CHI",1610612741,"Bulls","Chicago",240,20,15,7,38,18,6,25,38,2,12,22,25
21900032,"NOP",1610612740,"Pelicans","New Orleans",240,25,16,13,48,20,19,17,60,2,4,30,22
21900032,"HOU",1610612745,"Rockets","Houston",240,20,19,17,60,25,16,13,48,4,2,22,30
21900033,"WAS",1610612764,"Wizards","Washington",240,15,14,12,46,13,18,13,62,8,7,15,19
21900033,"SAS",1610612759,"Spurs","San Antonio",240,13,18,13,62,15,14,12,46,7,8,19,15
21900034,"UTA",1610612762,"Jazz","Utah",240,17,7,12,46,20,6,4,36,1,3,22,19
21900034,"SAC",1610612758,"Kings","Sacramento",240,20,6,4,36,17,7,12,46,3,1,19,22
21900035,"PHX",1610612756,"Suns","Phoenix",240,20,13,16,48,20,12,15,44,3,4,34,32
21900035,"LAC",1610612746,"Clippers","LA",240,20,12,15,44,20,13,16,48,4,3,32,34
21900036,"OKC",1610612760,"Thunder","Oklahoma City",240,26,12,18,46,21,10,3,40,5,2,26,15
21900036,"GSW",1610612744,"Warriors","Golden State",240,21,10,3,40,26,12,18,46,2,5,15,26
21900037,"MEM",1610612763,"Grizzlies","Memphis",265,18,11,18,54,16,19,18,56,10,5,29,22
21900037,"BKN",1610612751,"Nets","Brooklyn",265,16,19,18,56,18,11,18,54,5,10,22,29
21900038,"POR",1610612757,"Trail Blazers","Portland",240,16,9,24,48,21,17,8,34,4,3,30,22
21900038,"DAL",1610612742,"Mavericks","Dallas",240,21,17,8,34,16,9,24,48,3,4,22,30
21900039,"MIN",1610612750,"Timberwolves","Minnesota",240,24,21,9,48,7,8,3,46,1,9,17,23
21900039,"MIA",1610612748,"Heat","Miami",240,7,8,3,46,24,21,9,48,9,1,23,17
21900040,"LAL",1610612747,"Lakers","Los Angeles",240,11,15,16,74,9,22,26,44,8,4,22,20
21900040,"CHA",1610612766,"Hornets","Charlotte",240,9,22,26,44,11,15,16,74,4,8,20,22
21900041,"IND",1610612754,"Pacers","Indiana",240,23,20,16,54,7,15,3,40,4,3,18,18
21900041,"DET",1610612765,"Pistons","Detroit",240,7,15,3,40,23,20,16,54,3,4,18,18
21900042,"NYK",1610612752,"Knicks","New York",240,14,26,8,50,18,13,13,46,6,5,19,22
21900042,"CHI",1610612741,"Bulls","Chicago",240,18,13,13,46,14,26,8,50,5,6,22,19
21900043,"PHI",1610612755,"76ers","Philadelphia",240,24,14,8,46,17,8,2,42,11,3,29,25
21900043,"ATL",1610612737,"Hawks","Atlanta",240,17,8,2,42,24,14,8,46,3,11,25,29
21900044,"TOR",1610612761,"Raptors","Toronto",240,13,4,21,36,18,11,12,36,2,6,20,20
21900044,"ORL",1610612753,"Magic","Orlando",240,18,11,12,36,13,4,21,36,6,2,20,20
21900045,"OKC",1610612760,"Thunder","Oklahoma City",240,13,20,12,54,18,14,10,56,3,6,27,24
21900045,"HOU",1610612745,"Rockets","Houston",240,18,14,10,56,13,20,12,54,6,3,24,27
21900046,"MIL",1610612749,"Bucks","Milwaukee",240,22,16,24,58,9,13,11,50,7,3,15,22
21900046,"CLE",1610612739,"Cavaliers","Cleveland",240,9,13,11,50,22,16,24,58,3,7,22,15
21900047,"NOP",1610612740,"Pelicans","New Orleans",240,21,13,19,62,20,30,15,66,7,2,20,22
21900047,"GSW",1610612744,"Warriors","Golden State",240,20,30,15,66,21,13,19,62,2,7,22,20
21900048,"SAS",1610612759,"Spurs","San Antonio",240,16,14,22,54,16,15,18,46,9,8,19,27
21900048,"POR",1610612757,"Trail Blazers","Portland",240,16,15,18,46,16,14,22,54,8,9,27,19
21900049,"UTA",1610612762,"Jazz","Utah",240,18,9,17,32,13,2,11,34,5,3,26,31
21900049,"PHX",1610612756,"Suns","Phoenix",240,13,2,11,34,18,9,17,32,3,5,31,26
21900050,"SAC",1610612758,"Kings","Sacramento",240,7,10,18,38,16,20,4,44,8,5,21,18
21900050,"DEN",1610612743,"Nuggets","Denver",240,16,20,4,44,7,10,18,38,5,8,18,21
21900051,"LAC",1610612746,"Clippers","LA",240,33,18,15,50,24,10,9,42,8,3,24,23
21900051,"CHA",1610612766,"Hornets","Charlotte",240,24,10,9,42,33,18,15,50,3,8,23,24
21900052,"MIA",1610612748,"Heat","Miami",240,17,13,12,34,24,13,6,44,6,7,22,29
21900052,"ATL",1610612737,"Hawks","Atlanta",240,24,13,6,44,17,13,12,34,7,6,29,22
21900053,"DEN",1610612743,"Nuggets","Denver",240,10,21,6,50,7,11,11,50,1,5,24,14
21900053,"DAL",1610612742,"Mavericks","Dallas",240,7,11,11,50,10,21,6,50,5,1,14,24
21900054,"MEM",1610612763,"Grizzlies","Memphis",240,10,19,12,44,30,16,27,46,3,8,27,19
21900054,"LAL",1610612747,"Lakers","Los Angeles",240,30,16,27,46,10,19,12,44,8,3,19,27
21900055,"CLE",1610612739,"Cavaliers","Cleveland",240,11,16,10,58,19,22,13,46,7,5,21,24
21900055,"CHI",1610612741,"Bulls","Chicago",240,19,22,13,46,11,16,10,58,5,7,24,21
21900056,"ORL",1610612753,"Magic","Orlando",240,13,15,11,32,13,13,0,26,6,10,17,15
21900056,"NYK",1610612752,"Knicks","New York",240,13,13,0,26,13,15,11,32,10,6,15,17
21900057,"PHI",1610612755,"76ers","Philadelphia",240,29,30,15,60,12,4,18,42,6,6,27,21
21900057,"MIN",1610612750,"Timberwolves","Minnesota",240,12,4,18,42,29,30,15,60,6,6,21,27
21900058,"MIL",1610612749,"Bucks","Milwaukee",240,12,10,7,34,18,8,11,34,4,4,21,20
21900058,"BOS",1610612738,"Celtics","Boston",240,18,8,11,34,12,10,7,34,4,4,20,21
21900059,"IND",1610612754,"Pacers","Indiana",240,28,12,5,52,16,11,7,60,2,5,24,19
21900059,"BKN",1610612751,"Nets","Brooklyn",240,16,11,7,60,28,12,5,52,5,2,19,24
21900060,"TOR",1610612761,"Raptors","Toronto",240,29,5,23,60,14,10,11,48,2,1,22,15
21900060,"DET",1610612765,"Pistons","Detroit",240,14,10,11,48,29,5,23,60,1,2,15,22
21900061,"WAS",1610612764,"Wizards","Washington",240,14,13,9,54,26,28,21,60,4,5,27,24
21900061,"HOU",1610612745,"Rockets","Houston",240,26,28,21,60,14,13,9,54,5,4,24,27
21900062,"POR",1610612757,"Trail Blazers","Portland",240,9,7,18,26,18,16,5,48,8,2,30,21
21900062,"OKC",1610612760,"Thunder","Oklahoma City",240,18,16,5,48,9,7,18,26,2,8,21,30
21900063,"UTA",1610612762,"Jazz","Utah",240,27,6,11,52,13,12,7,48,5,4,18,22
21900063,"LAC",1610612746,"Clippers","LA",240,13,12,7,48,27,6,11,52,4,5,22,18
21900064,"SAC",1610612758,"Kings","Sacramento",240,29,26,19,54,17,12,8,60,5,3,19,17
21900064,"CHA",1610612766,"Hornets","Charlotte",240,17,12,8,60,29,26,19,54,3,5,17,19
21900065,"PHX",1610612756,"Suns","Phoenix",240,29,18,20,58,20,14,23,54,4,6,22,22
21900065,"GSW",1610612744,"Warriors","Golden State",240,20,14,23,54,29,18,20,58,6,4,22,22
21900066,"MIA",1610612748,"Heat","Miami",240,17,14,14,48,26,17,16,54,9,5,18,15
21900066,"ATL",1610612737,"Hawks","Atlanta",240,26,17,16,54,17,14,14,48,5,9,15,18
21900067,"NOP",1610612740,"Pelicans","New Orleans",240,17,5,37,48,25,5,20,60,4,3,21,24
21900067,"DEN",1610612743,"Nuggets","Denver",240,25,5,20,60,17,5,37,48,3,4,24,21
21900068,"SAS",1610612759,"Spurs","San Antonio",240,9,4,20,44,23,17,13,54,5,1,28,23
21900068,"LAC",1610612746,"Clippers","LA",240,23,17,13,54,9,4,20,44,1,5,23,28
21900069,"HOU",1610612745,"Rockets","Houston",240,25,12,15,52,22,5,17,46,4,7,21,21
21900069,"BKN",1610612751,"Nets","Brooklyn",240,22,5,17,46,25,12,15,52,7,4,21,21
21900070,"IND",1610612754,"Pacers","Indiana",240,10,14,18,56,14,2,16,38,10,1,24,21
21900070,"CLE",1610612739,"Cavaliers","Cleveland",240,14,2,16,38,10,14,18,56,1,10,21,24
21900071,"ORL",1610612753,"Magic","Orlando",240,18,9,2,32,27,12,36,54,3,4,16,19
21900071,"MIL",1610612749,"Bucks","Milwaukee",240,27,12,36,54,18,9,2,32,4,3,19,16
21900072,"NYK",1610612752,"Knicks","New York",240,12,20,17,38,6,5,16,34,4,4,23,16
21900072,"BOS",1610612738,"Celtics","Boston",240,6,5,16,34,12,20,17,38,4,4,16,23
21900073,"DET",1610612765,"Pistons","Detroit",240,19,11,13,66,19,14,8,40,8,1,21,18
21900073,"CHI",1610612741,"Bulls","Chicago",240,19,14,8,40,19,11,13,66,1,8,18,21
21900074,"LAL",1610612747,"Lakers","Los Angeles",265,30,10,19,66,15,17,6,46,7,1,21,21
21900074,"DAL",1610612742,"Mavericks","Dallas",265,15,17,6,46,30,10,19,66,1,7,21,21
21900075,"UTA",1610612762,"Jazz","Utah",240,14,8,5,38,28,13,10,52,5,3,18,23
21900075,"SAC",1610612758,"Kings","Sacramento",240,28,13,10,52,14,8,5,38,3,5,23,18
21900076,"SAS",1610612759,"Spurs","San Antonio",240,14,23,14,40,10,8,16,44,2,2,19,22
21900076,"GSW",1610612744,"Warriors","Golden State",240,10,8,16,44,14,23,14,40,2,2,22,19
21900077,"OKC",1610612760,"Thunder","Oklahoma City",240,21,14,8,46,15,21,7,52,11,5,20,25
21900077,"NOP",1610612740,"Pelicans","New Orleans",240,15,21,7,52,21,14,8,46,5,11,25,20
21900078,"DET",1610612765,"Pistons","Detroit",240,14,13,8,54,9,16,13,58,7,4,18,24
21900078,"BKN",1610612751,"Nets","Brooklyn",240,9,16,13,58,14,13,8,54,4,7,24,18
21900079,"ORL",1610612753,"Magic","Orlando",240,21,9,11,48,18,13,3,30,7,3,25,14
21900079,"DEN",1610612743,"Nuggets","Denver",240,18,13,3,30,21,9,11,48,3,7,14,25
21900080,"WAS",1610612764,"Wizards","Washington",240,22,9,8,24,20,13,16,56,4,10,18,23
21900080,"MIN",1610612750,"Timberwolves","Minnesota",240,20,13,16,56,22,9,8,24,10,4,23,18
21900081,"PHX",1610612756,"Suns","Phoenix",240,24,17,17,48,14,15,14,62,2,8,20,23
21900081,"MEM",1610612763,"Grizzlies","Memphis",240,14,15,14,62,24,17,17,48,8,2,23,20
21900082,"TOR",1610612761,"Raptors","Toronto",240,11,5,16,30,19,18,14,50,6,7,22,22
21900082,"MIL",1610612749,"Bucks","Milwaukee",240,19,18,14,50,11,5,16,30,7,6,22,22
21900083,"GSW",1610612744,"Warriors","Golden State",240,11,8,10,34,15,15,7,56,5,1,22,15
21900083,"CHA",1610612766,"Hornets","Charlotte",240,15,15,7,56,11,8,10,34,1,5,15,22
21900084,"POR",1610612757,"Trail Blazers","Portland",240,11,5,14,40,24,19,23,84,4,8,21,23
21900084,"PHI",1610612755,"76ers","Philadelphia",240,24,19,23,84,11,5,14,40,8,4,23,21
21900085,"IND",1610612754,"Pacers","Indiana",240,15,13,6,52,20,9,11,52,10,2,24,21
21900085,"CHI",1610612741,"Bulls","Chicago",240,20,9,11,52,15,13,6,52,2,10,21,24
21900086,"MIA",1610612748,"Heat","Miami",240,27,11,25,52,22,7,6,30,7,5,21,24
21900086,"HOU",1610612745,"Rockets","Houston",240,22,7,6,30,27,11,25,52,5,7,24,21
21900087,"SAC",1610612758,"Kings","Sacramento",240,12,10,9,42,17,18,9,40,5,5,29,23
21900087,"NYK",1610612752,"Knicks","New York",240,17,18,9,40,12,10,9,42,5,5,23,29
21900088,"SAS",1610612759,"Spurs","San Antonio",240,23,3,20,36,5,16,15,50,4,10,18,22
21900088,"LAL",1610612747,"Lakers","Los Angeles",240,5,16,15,50,23,3,20,36,10,4,22,18
21900089,"DAL",1610612742,"Mavericks","Dallas",240,15,19,10,52,16,14,9,28,6,4,21,14
21900089,"CLE",1610612739,"Cavaliers","Cleveland",240,16,14,9,28,15,19,10,52,4,6,14,21
21900090,"UTA",1610612762,"Jazz","Utah",240,9,8,4,34,15,29,11,46,6,6,30,25
21900090,"LAC",1610612746,"Clippers","LA",240,15,29,11,46,9,8,4,34,6,6,25,30
21900091,"WAS",1610612764,"Wizards","Washington",240,17,19,7,48,12,11,11,34,7,9,23,20
21900091,"DET",1610612765,"Pistons","Detroit",240,12,11,11,34,17,19,7,48,9,7,20,23
21900092,"NOP",1610612740,"Pelicans","New Orleans",240,22,13,16,48,32,20,23,58,5,3,26,18
21900092,"BKN",1610612751,"Nets","Brooklyn",240,32,20,23,58,22,13,16,48,3,5,18,26
21900093,"MEM",1610612763,"Grizzlies","Memphis",240,29,10,25,66,17,16,12,36,7,5,21,21
21900093,"HOU",1610612745,"Rockets","Houston",240,17,16,12,36,29,10,25,66,5,7,21,21
21900094,"MIN",1610612750,"Timberwolves","Minnesota",240,15,9,10,38,20,21,14,62,4,6,23,20
21900094,"MIL",1610612749,"Bucks","Milwaukee",240,20,21,14,62,15,9,10,38,6,4,20,23
21900095,"PHX",1610612756,"Suns","Phoenix",240,23,4,15,48,19,6,8,32,5,2,24,29
21900095,"PHI",1610612755,"76ers","Philadelphia",240,19,6,8,32,23,4,15,48,2,5,29,24
21900096,"POR",1610612757,"Trail Blazers","Portland",240,6,14,17,60,3,12,8,44,6,4,23,17
21900096,"GSW",1610612744,"Warriors","Golden State",240,3,12,8,44,6,14,17,60,4,6,17,23
21900097,"IND",1610612754,"Pacers","Indiana",265,19,7,10,58,20,17,12,60,7,4,34,17
21900097,"CHA",1610612766,"Hornets","Charlotte",265,20,17,12,60,19,7,10,58,4,7,17,34
21900098,"CLE",1610612739,"Cavaliers","Cleveland",240,11,15,11,44,5,7,6,60,6,12,18,23
21900098,"BOS",1610612738,"Celtics","Boston",240,5,7,6,60,11,15,11,44,12,6,23,18
21900099,"SAS",1610612759,"Spurs","San Antonio",240,14,11,8,34,15,10,11,50,8,5,17,20
21900099,"ATL",1610612737,"Hawks","Atlanta",240,15,10,11,50,14,11,8,34,5,8,20,17
21900100,"LAL",1610612747,"Lakers","Los Angeles",240,20,14,14,52,23,13,26,48,10,4,18,21
21900100,"CHI",1610612741,"Bulls","Chicago",240,23,13,26,48,20,14,14,52,4,10,21,18
21900101,"ORL",1610612753,"Magic","Orlando",240,15,16,4,44,21,16,5,42,8,5,24,23
21900101,"OKC",1610612760,"Thunder","Oklahoma City",240,21,16,5,42,15,16,4,44,5,8,23,24
21900102,"MIA",1610612748,"Heat","Miami",240,20,9,11,46,20,12,18,56,5,3,21,21
21900102,"DEN",1610612743,"Nuggets","Denver",240,20,12,18,56,20,9,11,46,3,5,21,21
21900103,"NYK",1610612752,"Knicks","New York",240,15,8,7,42,17,10,14,54,4,1,20,17
21900103,"DET",1610612765,"Pistons","Detroit",240,17,10,14,54,15,8,7,42,1,4,17,20
21900104,"WAS",1610612764,"Wizards","Washington",240,22,15,15,40,28,21,24,46,3,3,26,25
21900104,"IND",1610612754,"Pacers","Indiana",240,28,21,24,46,22,15,15,40,3,3,25,26
21900105,"CHI",1610612741,"Bulls","Chicago",240,31,8,18,48,23,9,6,46,9,3,30,26
21900105,"ATL",1610612737,"Hawks","Atlanta",240,23,9,6,46,31,8,18,48,3,9,26,30
21900106,"TOR",1610612761,"Raptors","Toronto",240,19,2,18,52,12,13,10,32,4,7,20,23
21900106,"SAC",1610612758,"Kings","Sacramento",240,12,13,10,32,19,2,18,52,7,4,23,20
21900107,"HOU",1610612745,"Rockets","Houston",240,17,23,12,44,20,16,9,40,9,1,20,12
21900107,"GSW",1610612744,"Warriors","Golden State",240,20,16,9,40,17,23,12,44,1,9,12,20
21900108,"MIN",1610612750,"Timberwolves","Minnesota",240,18,12,13,50,9,17,26,66,7,3,22,22
21900108,"MEM",1610612763,"Grizzlies","Memphis",240,9,17,26,66,18,12,13,50,3,7,22,22
21900109,"ORL",1610612753,"Magic","Orlando",240,15,15,22,60,9,17,12,46,10,1,30,23
21900109,"DAL",1610612742,"Mavericks","Dallas",240,9,17,12,46,15,15,22,60,1,10,23,30
21900110,"UTA",1610612762,"Jazz","Utah",240,18,15,13,48,17,10,9,44,4,3,21,20
21900110,"PHI",1610612755,"76ers","Philadelphia",240,17,10,9,44,18,15,13,48,3,4,20,21
21900111,"MIL",1610612749,"Bucks","Milwaukee",240,14,16,17,42,23,15,16,50,11,3,28,28
21900111,"LAC",1610612746,"Clippers","LA",240,23,15,16,50,14,16,17,42,3,11,28,28
21900112,"CHA",1610612766,"Hornets","Charlotte",240,12,7,8,50,17,6,13,54,9,5,19,19
21900112,"BOS",1610612738,"Celtics","Boston",240,17,6,13,54,12,7,8,50,5,9,19,19
21900113,"SAS",1610612759,"Spurs","San Antonio",240,18,6,13,48,6,2,18,48,3,2,21,14
21900113,"OKC",1610612760,"Thunder","Oklahoma City",240,6,2,18,48,18,6,13,48,2,3,14,21
21900114,"PHX",1610612756,"Suns","Phoenix",240,12,12,12,52,22,9,10,50,3,5,21,28
21900114,"MIA",1610612748,"Heat","Miami",240,22,9,10,50,12,12,12,52,5,3,28,21
21900115,"POR",1610612757,"Trail Blazers","Portland",240,18,12,16,40,16,23,20,60,4,12,27,14
21900115,"LAC",1610612746,"Clippers","LA",240,16,23,20,60,18,12,16,40,12,4,14,27
21900116,"IND",1610612754,"Pacers","Indiana",240,22,15,20,58,14,18,14,40,8,4,16,26
21900116,"DET",1610612765,"Pistons","Detroit",240,14,18,14,40,22,15,20,58,4,8,26,16
21900117,"ORL",1610612753,"Magic","Orlando",240,22,20,13,62,16,8,14,34,10,5,17,22
21900117,"MEM",1610612763,"Grizzlies","Memphis",240,16,8,14,34,22,20,13,62,5,10,22,17
21900118,"WAS",1610612764,"Wizards","Washington",240,11,19,8,54,19,23,10,62,5,5,24,17
21900118,"CLE",1610612739,"Cavaliers","Cleveland",240,19,23,10,62,11,19,8,54,5,5,17,24
21900119,"SAC",1610612758,"Kings","Sacramento",240,21,12,15,36,12,15,6,66,7,6,19,19
21900119,"ATL",1610612737,"Hawks","Atlanta",240,12,15,6,66,21,12,15,36,6,7,19,19
21900120,"MIN",1610612750,"Timberwolves","Minnesota",265,30,35,4,70,18,13,8,34,10,9,23,26
21900120,"GSW",1610612744,"Warriors","Golden State",265,18,13,8,34,30,35,4,70,9,10,26,23
21900121,"TOR",1610612761,"Raptors","Toronto",240,25,13,38,42,21,18,14,56,3,6,24,23
21900121,"NOP",1610612740,"Pelicans","New Orleans",240,21,18,14,56,25,13,38,42,6,3,23,24
21900122,"NYK",1610612752,"Knicks","New York",240,15,12,15,28,5,3,9,38,3,6,20,21
21900122,"DAL",1610612742,"Mavericks","Dallas",240,5,3,9,38,15,12,15,28,6,3,21,20
21900123,"PHI",1610612755,"76ers","Philadelphia",240,14,12,6,32,21,4,18,46,8,11,19,16
21900123,"DEN",1610612743,"Nuggets","Denver",240,21,4,18,46,14,12,6,32,11,8,16,19
21900124,"UTA",1610612762,"Jazz","Utah",240,18,12,10,32,21,18,12,46,1,4,27,26
21900124,"MIL",1610612749,"Bucks","Milwaukee",240,21,18,12,46,18,12,10,32,4,1,26,27
21900125,"POR",1610612757,"Trail Blazers","Portland",240,14,12,14,48,9,31,11,48,9,9,24,25
21900125,"BKN",1610612751,"Nets","Brooklyn",240,9,31,11,48,14,12,14,48,9,9,25,24
21900126,"MIA",1610612748,"Heat","Miami",240,17,8,12,44,11,17,4,54,2,5,12,24
21900126,"LAL",1610612747,"Lakers","Los Angeles",240,11,17,4,54,17,8,12,44,5,2,24,12
21900127,"SAS",1610612759,"Spurs","San Antonio",240,7,19,10,30,19,10,21,60,8,11,22,25
21900127,"BOS",1610612738,"Celtics","Boston",240,19,10,21,60,7,19,10,30,11,8,25,22
21900128,"NOP",1610612740,"Pelicans","New Orleans",240,25,7,14,44,31,16,15,46,6,2,28,27
21900128,"CHA",1610612766,"Hornets","Charlotte",240,31,16,15,46,25,7,14,44,2,6,27,28
21900129,"HOU",1610612745,"Rockets","Houston",240,20,12,28,34,23,10,25,64,7,5,21,22
21900129,"CHI",1610612741,"Bulls","Chicago",240,23,10,25,64,20,12,28,34,5,7,22,21
21900130,"MEM",1610612763,"Grizzlies","Memphis",240,21,9,12,60,33,18,12,60,6,5,22,14
21900130,"DAL",1610612742,"Mavericks","Dallas",240,33,18,12,60,21,9,12,60,5,6,14,22
21900131,"OKC",1610612760,"Thunder","Oklahoma City",240,18,12,7,42,32,9,11,50,5,6,17,18
21900131,"GSW",1610612744,"Warriors","Golden State",240,32,9,11,50,18,12,7,42,6,5,18,17
21900132,"MIN",1610612750,"Timberwolves","Minnesota",265,18,14,8,52,13,16,5,48,10,4,23,30
21900132,"DEN",1610612743,"Nuggets","Denver",265,13,16,5,48,18,14,8,52,4,10,30,23
21900133,"ORL",1610612753,"Magic","Orlando",240,16,12,12,42,20,14,3,48,11,3,10,13
21900133,"IND",1610612754,"Pacers","Indiana",240,20,14,3,48,16,12,12,42,3,11,13,10
21900134,"PHI",1610612755,"76ers","Philadelphia",240,15,14,8,58,26,10,14,42,5,1,16,19
21900134,"CHA",1610612766,"Hornets","Charlotte",240,26,10,14,42,15,14,8,58,1,5,19,16
21900135,"OKC",1610612760,"Thunder","Oklahoma City",240,23,3,5,38,10,12,11,66,4,4,20,21
21900135,"MIL",1610612749,"Bucks","Milwaukee",240,10,12,11,66,23,3,5,38,4,4,21,20
21900136,"NYK",1610612752,"Knicks","New York",240,14,15,11,32,27,11,23,50,8,2,26,19
21900136,"CLE",1610612739,"Cavaliers","Cleveland",240,27,11,23,50,14,15,11,32,2,8,19,26
21900137,"PHX",1610612756,"Suns","Phoenix",240,32,4,20,46,10,15,12,70,7,2,17,24
21900137,"BKN",1610612751,"Nets","Brooklyn",240,10,15,12,70,32,4,20,46,2,7,24,17
21900138,"POR",1610612757,"Trail Blazers","Portland",265,15,15,14,54,10,11,16,54,9,8,22,26
21900138,"ATL",1610612737,"Hawks","Atlanta",265,10,11,16,54,15,15,14,54,8,9,26,22
21900139,"TOR",1610612761,"Raptors","Toronto",240,15,12,32,54,16,13,8,48,8,7,17,20
21900139,"LAL",1610612747,"Lakers","Los Angeles",240,16,13,8,48,15,12,32,54,7,8,20,17
21900140,"MIN",1610612750,"Timberwolves","Minnesota",240,20,10,15,42,20,14,22,42,6,5,23,22
21900140,"DET",1610612765,"Pistons","Detroit",240,20,14,22,42,20,10,15,42,5,6,22,23
21900141,"DAL",1610612742,"Mavericks","Dallas",240,15,18,11,48,13,7,7,48,5,5,26,27
21900141,"BOS",1610612738,"Celtics","Boston",240,13,7,7,48,15,18,11,48,5,5,27,26
21900143,"SAS",1610612759,"Spurs","San Antonio",240,14,9,12,32,5,14,7,48,4,5,17,20
21900143,"MEM",1610612763,"Grizzlies","Memphis",240,5,14,7,48,14,9,12,32,5,4,20,17
21900142,"NOP",1610612740,"Pelicans","New Orleans",240,18,18,26,52,15,11,16,52,3,6,23,22
21900142,"HOU",1610612745,"Rockets","Houston",240,15,11,16,52,18,18,26,52,6,3,22,23
21900144,"UTA",1610612762,"Jazz","Utah",240,6,3,4,46,19,12,20,42,3,2,16,24
21900144,"GSW",1610612744,"Warriors","Golden State",240,19,12,20,42,6,3,4,46,2,3,24,16
21900145,"TOR",1610612761,"Raptors","Toronto",240,26,7,19,44,22,15,19,46,8,7,24,21
21900145,"LAC",1610612746,"Clippers","LA",240,22,15,19,46,26,7,19,44,7,8,21,24
21900146,"OKC",1610612760,"Thunder","Oklahoma City",240,11,4,9,36,18,12,15,54,4,4,16,20
21900146,"IND",1610612754,"Pacers","Indiana",240,18,12,15,54,11,4,9,36,4,4,20,16
21900147,"PHI",1610612755,"76ers","Philadelphia",240,14,19,25,56,16,14,13,58,8,0,20,13
21900147,"CLE",1610612739,"Cavaliers","Cleveland",240,16,14,13,58,14,19,25,56,0,8,13,20
21900148,"MIA",1610612748,"Heat","Miami",240,20,14,8,48,26,12,17,36,1,9,30,28
21900148,"DET",1610612765,"Pistons","Detroit",240,26,12,17,36,20,14,8,48,9,1,28,30
21900149,"NYK",1610612752,"Knicks","New York",240,26,13,20,46,24,17,10,52,1,2,28,25
21900149,"CHI",1610612741,"Bulls","Chicago",240,24,17,10,52,26,13,20,46,2,1,25,28
21900150,"DEN",1610612743,"Nuggets","Denver",240,15,18,12,54,6,10,18,56,5,5,24,21
21900150,"ATL",1610612737,"Hawks","Atlanta",240,6,10,18,56,15,18,12,54,5,5,21,24
21900151,"PHX",1610612756,"Suns","Phoenix",240,18,15,10,46,22,17,12,70,4,4,22,21
21900151,"LAL",1610612747,"Lakers","Los Angeles",240,22,17,12,70,18,15,10,46,4,4,21,22
21900152,"UTA",1610612762,"Jazz","Utah",240,16,15,9,56,16,14,13,52,4,8,18,29
21900152,"BKN",1610612751,"Nets","Brooklyn",240,16,14,13,52,16,15,9,56,8,4,29,18
21900153,"SAC",1610612758,"Kings","Sacramento",240,18,11,17,40,10,8,9,30,5,5,25,19
21900153,"POR",1610612757,"Trail Blazers","Portland",240,10,8,9,30,18,11,17,40,5,5,19,25
21900154,"MEM",1610612763,"Grizzlies","Memphis",240,8,12,7,58,35,10,17,46,5,5,21,12
21900154,"CHA",1610612766,"Hornets","Charlotte",240,35,10,17,46,8,12,7,58,5,5,12,21
21900155,"PHI",1610612755,"76ers","Philadelphia",240,13,6,14,56,19,8,20,48,5,2,27,22
21900155,"ORL",1610612753,"Magic","Orlando",240,19,8,20,48,13,6,14,56,2,5,22,27
21900156,"WAS",1610612764,"Wizards","Washington",240,15,6,26,64,16,15,17,50,4,5,23,26
21900156,"BOS",1610612738,"Celtics","Boston",240,16,15,17,50,15,6,26,64,5,4,26,23
21900157,"LAC",1610612746,"Clippers","LA",240,7,14,9,44,16,10,10,34,3,6,21,17
21900157,"HOU",1610612745,"Rockets","Houston",240,16,10,10,34,7,14,9,44,6,3,17,21
21900158,"SAS",1610612759,"Spurs","San Antonio",240,14,7,6,58,10,10,5,58,4,4,23,25
21900158,"MIN",1610612750,"Timberwolves","Minnesota",240,10,10,5,58,14,7,6,58,4,4,25,23
21900159,"LAL",1610612747,"Lakers","Los Angeles",240,26,23,14,64,22,8,13,36,6,7,18,14
21900159,"GSW",1610612744,"Warriors","Golden State",240,22,8,13,36,26,23,14,64,7,6,14,18
21900160,"TOR",1610612761,"Raptors","Toronto",240,21,15,18,50,13,12,10,22,9,7,20,16
21900160,"POR",1610612757,"Trail Blazers","Portland",240,13,12,10,22,21,15,18,50,7,9,16,20
21900161,"MIA",1610612748,"Heat","Miami",240,28,6,18,50,21,14,13,44,7,2,21,16
21900161,"CLE",1610612739,"Cavaliers","Cleveland",240,21,14,13,44,28,6,18,50,2,7,16,21
21900162,"NYK",1610612752,"Knicks","New York",240,22,29,5,44,13,23,2,50,2,7,27,16
21900162,"DAL",1610612742,"Mavericks","Dallas",240,13,23,2,50,22,29,5,44,7,2,16,27
21900163,"MIL",1610612749,"Bucks","Milwaukee",240,26,18,23,70,19,14,19,32,4,1,22,29
21900163,"CHI",1610612741,"Bulls","Chicago",240,19,14,19,32,26,18,23,70,1,4,29,22
21900164,"NOP",1610612740,"Pelicans","New Orleans",240,17,22,14,50,13,7,13,58,5,6,25,22
21900164,"LAC",1610612746,"Clippers","LA",240,13,7,13,58,17,22,14,50,6,5,22,25
21900165,"PHX",1610612756,"Suns","Phoenix",240,24,9,21,50,18,21,9,60,2,5,24,31
21900165,"ATL",1610612737,"Hawks","Atlanta",240,18,21,9,60,24,9,21,50,5,2,31,24
21900166,"DEN",1610612743,"Nuggets","Denver",240,6,13,12,52,6,9,11,46,3,2,14,14
21900166,"BKN",1610612751,"Nets","Brooklyn",240,6,9,11,46,6,13,12,52,2,3,14,14
21900167,"DET",1610612765,"Pistons","Detroit",240,11,7,11,44,27,17,15,58,3,3,19,17
21900167,"CHA",1610612766,"Hornets","Charlotte",240,27,17,15,58,11,7,11,44,3,3,17,19
21900168,"SAS",1610612759,"Spurs","San Antonio",240,21,13,16,44,20,18,17,38,8,5,25,13
21900168,"ORL",1610612753,"Magic","Orlando",240,20,18,17,38,21,13,16,44,5,8,13,25
21900169,"IND",1610612754,"Pacers","Indiana",240,7,7,13,52,16,13,10,44,2,3,25,23
21900169,"HOU",1610612745,"Rockets","Houston",240,16,13,10,44,7,7,13,52,3,2,23,25
21900170,"UTA",1610612762,"Jazz","Utah",240,8,22,9,48,16,14,21,56,6,5,16,23
21900170,"MEM",1610612763,"Grizzlies","Memphis",240,16,14,21,56,8,22,9,48,5,6,23,16
21900171,"WAS",1610612764,"Wizards","Washington",240,27,20,18,76,13,11,9,62,5,5,22,20
21900171,"MIN",1610612750,"Timberwolves","Minnesota",240,13,11,9,62,27,20,18,76,5,5,20,22
21900172,"PHI",1610612755,"76ers","Philadelphia",265,19,16,8,50,19,10,10,52,0,3,32,23
21900172,"OKC",1610612760,"Thunder","Oklahoma City",265,19,10,10,52,19,16,8,50,3,0,23,32
21900173,"GSW",1610612744,"Warriors","Golden State",240,19,10,15,44,22,16,23,44,4,5,19,24
21900173,"BOS",1610612738,"Celtics","Boston",240,22,16,23,44,19,10,15,44,5,4,24,19
21900174,"SAC",1610612758,"Kings","Sacramento",240,11,5,14,36,11,15,15,42,0,6,22,18
21900174,"LAL",1610612747,"Lakers","Los Angeles",240,11,15,15,42,11,5,14,36,6,0,18,22
21900175,"CHI",1610612741,"Bulls","Chicago",240,24,23,11,36,18,7,16,56,2,9,30,30
21900175,"BKN",1610612751,"Nets","Brooklyn",240,18,7,16,56,24,23,11,36,9,2,30,30
21900176,"MIL",1610612749,"Bucks","Milwaukee",240,23,11,24,56,8,10,11,26,8,7,13,10
21900176,"IND",1610612754,"Pacers","Indiana",240,8,10,11,26,23,11,24,56,7,8,10,13
21900177,"NYK",1610612752,"Knicks","New York",240,14,19,4,46,14,10,14,36,1,3,21,18
21900177,"CHA",1610612766,"Hornets","Charlotte",240,14,10,14,36,14,19,4,46,3,1,18,21
21900178,"NOP",1610612740,"Pelicans","New Orleans",240,18,11,10,42,16,13,18,60,2,3,16,6
21900178,"MIA",1610612748,"Heat","Miami",240,16,13,18,60,18,11,10,42,3,2,6,16
21900179,"MIN",1610612750,"Timberwolves","Minnesota",240,11,16,15,44,21,17,13,48,5,3,20,18
21900179,"HOU",1610612745,"Rockets","Houston",240,21,17,13,48,11,16,15,44,3,5,18,20
21900180,"TOR",1610612761,"Raptors","Toronto",240,17,12,19,38,18,17,7,50,2,4,20,15
21900180,"DAL",1610612742,"Mavericks","Dallas",240,18,17,7,50,17,12,19,38,4,2,15,20
21900181,"SAS",1610612759,"Spurs","San Antonio",240,15,10,12,44,6,9,9,42,7,4,17,20
21900181,"POR",1610612757,"Trail Blazers","Portland",240,6,9,9,42,15,10,12,44,4,7,20,17
21900182,"LAC",1610612746,"Clippers","LA",240,34,23,37,58,16,22,15,52,12,10,28,27
21900182,"ATL",1610612737,"Hawks","Atlanta",240,16,22,15,52,34,23,37,58,10,12,27,28
21900183,"PHI",1610612755,"76ers","Philadelphia",240,16,2,17,58,14,18,8,48,11,5,22,21
21900183,"CLE",1610612739,"Cavaliers","Cleveland",240,14,18,8,48,16,2,17,58,5,11,21,22
21900184,"SAC",1610612758,"Kings","Sacramento",240,19,17,15,28,8,12,8,40,7,3,24,14
21900184,"BOS",1610612738,"Celtics","Boston",240,8,12,8,40,19,17,15,28,3,7,14,24
21900185,"WAS",1610612764,"Wizards","Washington",240,17,15,9,34,11,8,4,42,2,3,21,15
21900185,"ORL",1610612753,"Magic","Orlando",240,11,8,4,42,17,15,9,34,3,2,15,21
21900186,"MEM",1610612763,"Grizzlies","Memphis",240,10,8,10,40,25,9,29,50,3,10,17,24
21900186,"DEN",1610612743,"Nuggets","Denver",240,25,9,29,50,10,8,10,40,10,3,24,17
21900187,"NOP",1610612740,"Pelicans","New Orleans",240,17,17,8,36,19,13,18,44,5,3,21,19
21900187,"GSW",1610612744,"Warriors","Golden State",240,19,13,18,44,17,17,8,36,3,5,19,21
21900188,"LAL",1610612747,"Lakers","Los Angeles",240,19,14,22,52,19,17,15,50,14,2,19,19
21900188,"ATL",1610612737,"Hawks","Atlanta",240,19,17,15,50,19,14,22,52,2,14,19,19
21900189,"NYK",1610612752,"Knicks","New York",240,32,30,9,54,4,8,4,34,10,1,24,26
21900189,"CLE",1610612739,"Cavaliers","Cleveland",240,4,8,4,34,32,30,9,54,1,10,26,24
21900190,"IND",1610612754,"Pacers","Indiana",240,13,16,14,48,14,12,5,34,8,7,22,19
21900190,"BKN",1610612751,"Nets","Brooklyn",240,14,12,5,34,13,16,14,48,7,8,19,22
21900191,"TOR",1610612761,"Raptors","Toronto",240,39,19,20,58,15,8,5,30,2,8,25,19
21900191,"CHA",1610612766,"Hornets","Charlotte",240,15,8,5,30,39,19,20,58,8,2,19,25
21900192,"MIL",1610612749,"Bucks","Milwaukee",240,17,10,16,46,20,16,11,50,9,6,16,25
21900192,"CHI",1610612741,"Bulls","Chicago",240,20,16,11,50,17,10,16,46,6,9,25,16
21900193,"POR",1610612757,"Trail Blazers","Portland",240,19,19,11,46,23,23,11,58,5,10,21,21
21900193,"HOU",1610612745,"Rockets","Houston",240,23,23,11,58,19,19,11,46,10,5,21,21
21900194,"SAS",1610612759,"Spurs","San Antonio",240,14,20,7,50,8,12,16,34,2,3,18,19
21900194,"DAL",1610612742,"Mavericks","Dallas",240,8,12,16,34,14,20,7,50,3,2,19,18
21900195,"PHX",1610612756,"Suns","Phoenix",240,16,5,21,44,15,12,16,46,6,5,17,21
21900195,"BOS",1610612738,"Celtics","Boston",240,15,12,16,46,16,5,21,44,5,6,21,17
21900196,"UTA",1610612762,"Jazz","Utah",240,18,13,10,42,12,6,8,44,5,10,23,25
21900196,"MIN",1610612750,"Timberwolves","Minnesota",240,12,6,8,44,18,13,10,42,10,5,25,23
21900197,"OKC",1610612760,"Thunder","Oklahoma City",240,14,7,7,26,18,17,5,38,4,5,19,25
21900197,"LAC",1610612746,"Clippers","LA",240,18,17,5,38,14,7,7,26,5,4,25,19
21900198,"MEM",1610612763,"Grizzlies","Memphis",240,15,5,14,52,23,14,12,46,4,10,23,24
21900198,"GSW",1610612744,"Warriors","Golden State",240,23,14,12,46,15,5,14,52,10,4,24,23
21900199,"POR",1610612757,"Trail Blazers","Portland",240,16,26,14,38,13,16,14,48,4,5,23,15
21900199,"NOP",1610612740,"Pelicans","New Orleans",240,13,16,14,48,16,26,14,38,5,4,15,23
21900200,"SAC",1610612758,"Kings","Sacramento",240,15,6,7,50,21,12,3,44,7,4,26,20
21900200,"PHX",1610612756,"Suns","Phoenix",240,21,12,3,44,15,6,7,50,4,7,20,26
21900201,"OKC",1610612760,"Thunder","Oklahoma City",240,11,4,16,42,27,25,30,50,2,8,22,20
21900201,"LAL",1610612747,"Lakers","Los Angeles",240,27,25,30,50,11,4,16,42,8,2,20,22
21900202,"PHI",1610612755,"76ers","Philadelphia",240,20,11,19,40,14,11,9,30,5,6,14,25
21900202,"NYK",1610612752,"Knicks","New York",240,14,11,9,30,20,11,19,40,6,5,25,14
21900203,"WAS",1610612764,"Wizards","Washington",240,15,7,14,52,19,12,16,52,3,8,20,13
21900203,"SAS",1610612759,"Spurs","San Antonio",240,19,12,16,52,15,7,14,52,8,3,13,20
21900204,"MIL",1610612749,"Bucks","Milwaukee",240,16,9,13,50,25,10,12,50,8,2,25,26
21900204,"ATL",1610612737,"Hawks","Atlanta",240,25,10,12,50,16,9,13,50,2,8,26,25
21900205,"CHA",1610612766,"Hornets","Charlotte",240,18,9,8,36,16,17,9,46,3,1,23,21
21900205,"BKN",1610612751,"Nets","Brooklyn",240,16,17,9,46,18,9,8,36,1,3,21,23
21900206,"MIA",1610612748,"Heat","Miami",240,14,19,7,32,21,15,11,40,5,2,20,23
21900206,"CLE",1610612739,"Cavaliers","Cleveland",240,21,15,11,40,14,19,7,32,2,5,23,20
21900207,"TOR",1610612761,"Raptors","Toronto",240,17,10,5,68,17,9,16,40,5,8,21,16
21900207,"ORL",1610612753,"Magic","Orlando",240,17,9,16,40,17,10,5,68,8,5,16,21
21900208,"GSW",1610612744,"Warriors","Golden State",240,11,13,15,44,15,11,16,48,5,7,16,21
21900208,"DAL",1610612742,"Mavericks","Dallas",240,15,11,16,48,11,13,15,44,7,5,21,16
21900209,"DET",1610612765,"Pistons","Detroit",240,18,10,9,36,24,23,18,48,8,7,20,24
21900209,"CHI",1610612741,"Bulls","Chicago",240,24,23,18,48,18,10,9,36,7,8,24,20
21900210,"UTA",1610612762,"Jazz","Utah",240,20,18,16,38,15,17,8,42,6,9,21,20
21900210,"MIN",1610612750,"Timberwolves","Minnesota",240,15,17,8,42,20,18,16,38,9,6,20,21
21900211,"HOU",1610612745,"Rockets","Houston",240,17,8,20,38,32,19,20,60,2,4,22,21
21900211,"DEN",1610612743,"Nuggets","Denver",240,32,19,20,60,17,8,20,38,4,2,21,22
21900212,"LAC",1610612746,"Clippers","LA",265,14,10,8,32,23,14,17,52,9,2,18,22
21900212,"BOS",1610612738,"Celtics","Boston",265,23,14,17,52,14,10,8,32,2,9,22,18
21900213,"POR",1610612757,"Trail Blazers","Portland",240,19,9,24,38,17,27,19,64,11,3,27,20
21900213,"MIL",1610612749,"Bucks","Milwaukee",240,17,27,19,64,19,9,24,38,3,11,20,27
21900214,"PHX",1610612756,"Suns","Phoenix",240,19,12,15,46,18,14,12,46,3,6,19,25
21900214,"NOP",1610612740,"Pelicans","New Orleans",240,18,14,12,46,19,12,15,46,6,3,25,19
21900215,"DET",1610612765,"Pistons","Detroit",240,21,19,14,62,18,19,13,54,10,2,17,18
21900215,"ATL",1610612737,"Hawks","Atlanta",240,18,19,13,54,21,19,14,62,2,10,18,17
21900216,"WAS",1610612764,"Wizards","Washington",240,20,8,15,54,11,8,17,64,3,5,13,18
21900216,"CHA",1610612766,"Hornets","Charlotte",240,11,8,17,64,20,8,15,54,5,3,18,13
21900217,"SAC",1610612758,"Kings","Sacramento",240,21,7,13,56,18,19,12,52,2,3,25,18
21900217,"BKN",1610612751,"Nets","Brooklyn",240,18,19,12,52,21,7,13,56,3,2,18,25
21900218,"SAS",1610612759,"Spurs","San Antonio",240,7,6,15,48,12,16,17,44,3,4,15,21
21900218,"PHI",1610612755,"76ers","Philadelphia",240,12,16,17,44,7,6,15,48,4,3,21,15
21900219,"MIA",1610612748,"Heat","Miami",240,22,15,6,44,26,15,10,58,3,3,17,24
21900219,"CHI",1610612741,"Bulls","Chicago",240,26,15,10,58,22,15,6,44,3,3,24,17
21900220,"OKC",1610612760,"Thunder","Oklahoma City",240,19,8,7,62,14,17,19,50,3,6,23,20
21900220,"LAL",1610612747,"Lakers","Los Angeles",240,14,17,19,50,19,8,7,62,6,3,20,23
21900221,"DAL",1610612742,"Mavericks","Dallas",240,13,15,14,70,10,2,23,44,7,3,18,15
21900221,"CLE",1610612739,"Cavaliers","Cleveland",240,10,2,23,44,13,15,14,70,3,7,15,18
21900222,"DEN",1610612743,"Nuggets","Denver",240,12,14,7,44,23,14,20,46,5,6,17,19
21900222,"BOS",1610612738,"Celtics","Boston",240,23,14,20,46,12,14,7,44,6,5,19,17
21900223,"UTA",1610612762,"Jazz","Utah",240,13,0,8,46,31,10,18,52,10,3,14,18
21900223,"GSW",1610612744,"Warriors","Golden State",240,31,10,18,52,13,0,8,46,3,10,18,14
21900224,"LAC",1610612746,"Clippers","LA",240,19,16,24,52,16,7,15,46,4,2,32,27
21900224,"HOU",1610612745,"Rockets","Houston",240,16,7,15,46,19,16,24,52,2,4,27,32
21900225,"PHX",1610612756,"Suns","Phoenix",240,13,9,7,30,9,9,4,52,3,10,17,23
21900225,"MIN",1610612750,"Timberwolves","Minnesota",240,9,9,4,52,13,9,7,30,10,3,23,17
21900226,"CHI",1610612741,"Bulls","Chicago",240,22,18,8,38,14,10,4,60,3,7,20,17
21900226,"CHA",1610612766,"Hornets","Charlotte",240,14,10,4,60,22,18,8,38,7,3,17,20
21900227,"ORL",1610612753,"Magic","Orlando",240,21,7,19,46,15,12,8,50,5,6,16,14
21900227,"IND",1610612754,"Pacers","Indiana",240,15,12,8,50,21,7,19,46,6,5,14,16
21900228,"TOR",1610612761,"Raptors","Toronto",240,22,21,16,50,22,12,14,58,5,7,16,27
21900228,"ATL",1610612737,"Hawks","Atlanta",240,22,12,14,58,22,21,16,50,7,5,27,16
21900229,"SAS",1610612759,"Spurs","San Antonio",240,19,15,10,38,23,6,7,42,3,3,17,22
21900229,"NYK",1610612752,"Knicks","New York",240,23,6,7,42,19,15,10,38,3,3,22,17
21900230,"PHI",1610612755,"76ers","Philadelphia",240,24,8,16,34,14,15,7,36,2,4,27,16
21900230,"MIA",1610612748,"Heat","Miami",240,14,15,7,36,24,8,16,34,4,2,16,27
21900231,"POR",1610612757,"Trail Blazers","Portland",240,9,3,2,36,11,14,7,50,6,2,20,14
21900231,"CLE",1610612739,"Cavaliers","Cleveland",240,11,14,7,50,9,3,2,36,2,6,14,20
21900232,"MEM",1610612763,"Grizzlies","Memphis",240,23,20,27,52,29,16,17,46,3,7,19,14
21900232,"LAL",1610612747,"Lakers","Los Angeles",240,29,16,17,46,23,20,27,52,7,3,14,19
21900233,"MIL",1610612749,"Bucks","Milwaukee",240,22,13,25,54,20,15,12,48,8,3,14,18
21900233,"DET",1610612765,"Pistons","Detroit",240,20,15,12,48,22,13,25,54,3,8,18,14
21900234,"UTA",1610612762,"Jazz","Utah",240,13,6,12,48,18,10,6,42,4,6,21,24
21900234,"NOP",1610612740,"Pelicans","New Orleans",240,18,10,6,42,13,6,12,48,6,4,24,21
21900235,"HOU",1610612745,"Rockets","Houston",240,18,13,20,66,19,16,18,60,2,5,26,22
21900235,"DAL",1610612742,"Mavericks","Dallas",240,19,16,18,60,18,13,20,66,5,2,22,26
21900236,"NYK",1610612752,"Knicks","New York",240,14,10,10,30,23,11,8,32,4,1,29,16
21900236,"BKN",1610612751,"Nets","Brooklyn",240,23,11,8,32,14,10,10,30,1,4,16,29
21900237,"WAS",1610612764,"Wizards","Washington",240,17,19,7,52,15,10,10,46,2,5,23,17
21900237,"SAC",1610612758,"Kings","Sacramento",240,15,10,10,46,17,19,7,52,5,2,17,23
21900238,"PHX",1610612756,"Suns","Phoenix",240,10,9,5,46,12,24,12,48,2,2,18,16
21900238,"DEN",1610612743,"Nuggets","Denver",240,12,24,12,48,10,9,5,46,2,2,16,18
21900239,"NOP",1610612740,"Pelicans","New Orleans",240,5,19,13,50,10,24,10,56,6,5,26,21
21900239,"LAC",1610612746,"Clippers","LA",240,10,24,10,56,5,19,13,50,5,6,21,26
21900240,"CLE",1610612739,"Cavaliers","Cleveland",240,11,14,12,48,16,19,8,60,4,10,14,21
21900240,"BKN",1610612751,"Nets","Brooklyn",240,16,19,8,60,11,14,12,48,10,4,21,14
21900241,"ORL",1610612753,"Magic","Orlando",240,15,10,7,30,8,17,11,38,7,5,21,20
21900241,"DET",1610612765,"Pistons","Detroit",240,8,17,11,38,15,10,7,30,5,7,20,21
21900242,"MEM",1610612763,"Grizzlies","Memphis",240,13,13,23,62,20,11,16,50,5,6,16,11
21900242,"IND",1610612754,"Pacers","Indiana",240,20,11,16,50,13,13,23,62,6,5,11,16
21900243,"MIN",1610612750,"Timberwolves","Minnesota",240,20,17,3,46,15,18,9,50,6,4,25,25
21900243,"ATL",1610612737,"Hawks","Atlanta",240,15,18,9,50,20,17,3,46,4,6,25,25
21900244,"SAC",1610612758,"Kings","Sacramento",240,13,18,7,26,14,14,13,50,8,4,18,16
21900244,"BOS",1610612738,"Celtics","Boston",240,14,14,13,50,13,18,7,26,4,8,16,18
21900245,"MIA",1610612748,"Heat","Miami",240,17,12,9,44,29,15,15,52,3,0,23,24
21900245,"CHA",1610612766,"Hornets","Charlotte",240,29,15,15,52,17,12,9,44,0,3,24,23
21900246,"TOR",1610612761,"Raptors","Toronto",240,14,11,13,44,6,7,7,28,5,3,18,20
21900246,"PHI",1610612755,"76ers","Philadelphia",240,6,7,7,28,14,11,13,44,3,5,20,18
21900247,"POR",1610612757,"Trail Blazers","Portland",240,24,16,11,50,13,8,8,48,5,4,20,20
21900247,"CHI",1610612741,"Bulls","Chicago",240,13,8,8,48,24,16,11,50,4,5,20,20
21900248,"UTA",1610612762,"Jazz","Utah",240,18,2,11,38,20,28,22,58,6,6,23,15
21900248,"MIL",1610612749,"Bucks","Milwaukee",240,20,28,22,58,18,2,11,38,6,6,15,23
21900249,"SAS",1610612759,"Spurs","San Antonio",240,16,12,6,28,15,19,12,48,5,6,22,18
21900249,"LAL",1610612747,"Lakers","Los Angeles",240,15,19,12,48,16,12,6,28,6,5,18,22
21900250,"OKC",1610612760,"Thunder","Oklahoma City",240,20,9,14,46,18,16,14,34,13,7,16,17
21900250,"GSW",1610612744,"Warriors","Golden State",240,18,16,14,34,20,9,14,46,7,13,17,16
21900251,"LAC",1610612746,"Clippers","LA",240,18,14,20,48,9,8,13,28,3,2,27,21
21900251,"DAL",1610612742,"Mavericks","Dallas",240,9,8,13,28,18,14,20,48,2,3,21,27
21900252,"WAS",1610612764,"Wizards","Washington",240,21,8,8,56,13,6,15,70,3,6,22,20
21900252,"DEN",1610612743,"Nuggets","Denver",240,13,6,15,70,21,8,8,56,6,3,20,22
21900253,"BOS",1610612738,"Celtics","Boston",240,23,25,21,46,14,10,13,38,5,6,17,22
21900253,"BKN",1610612751,"Nets","Brooklyn",240,14,10,13,38,23,25,21,46,6,5,22,17
21900254,"DET",1610612765,"Pistons","Detroit",240,7,10,7,56,15,9,13,62,2,7,18,18
21900254,"CHA",1610612766,"Hornets","Charlotte",240,15,9,13,62,7,10,7,56,7,2,18,18
21900255,"ORL",1610612753,"Magic","Orlando",240,25,9,24,50,11,14,11,42,6,0,22,15
21900255,"CLE",1610612739,"Cavaliers","Cleveland",240,11,14,11,42,25,9,24,50,0,6,15,22
21900256,"UTA",1610612762,"Jazz","Utah",240,16,9,12,46,22,19,18,58,2,4,21,19
21900256,"IND",1610612754,"Pacers","Indiana",240,22,19,18,58,16,9,12,46,4,2,19,21
21900257,"SAC",1610612758,"Kings","Sacramento",240,17,11,18,40,11,9,23,38,3,10,19,12
21900257,"PHI",1610612755,"76ers","Philadelphia",240,11,9,23,38,17,11,18,40,10,3,12,19
21900258,"TOR",1610612761,"Raptors","Toronto",240,26,26,19,44,20,18,17,36,4,4,18,17
21900258,"NYK",1610612752,"Knicks","New York",240,20,18,17,36,26,26,19,44,4,4,17,18
21900259,"MIA",1610612748,"Heat","Miami",240,17,8,13,40,22,14,15,34,3,2,24,22
21900259,"HOU",1610612745,"Rockets","Houston",240,22,14,15,34,17,8,13,40,2,3,22,24
21900260,"MEM",1610612763,"Grizzlies","Memphis",240,14,21,18,60,14,13,23,58,3,6,22,24
21900260,"LAC",1610612746,"Clippers","LA",240,14,13,23,58,14,21,18,60,6,3,24,22
21900261,"MIL",1610612749,"Bucks","Milwaukee",240,22,16,15,60,8,16,16,48,11,5,23,25
21900261,"ATL",1610612737,"Hawks","Atlanta",240,8,16,16,48,22,16,15,60,5,11,25,23
21900262,"SAS",1610612759,"Spurs","San Antonio",240,9,13,16,52,4,18,12,36,8,6,18,19
21900262,"MIN",1610612750,"Timberwolves","Minnesota",240,4,18,12,36,9,13,16,52,6,8,19,18
21900263,"WAS",1610612764,"Wizards","Washington",240,20,11,16,52,17,14,24,54,5,6,20,21
21900263,"PHX",1610612756,"Suns","Phoenix",240,17,14,24,54,20,11,16,52,6,5,21,20
21900264,"NOP",1610612740,"Pelicans","New Orleans",240,14,11,22,26,19,11,18,62,4,6,23,24
21900264,"LAL",1610612747,"Lakers","Los Angeles",240,19,11,18,62,14,11,22,26,6,4,24,23
21900265,"POR",1610612757,"Trail Blazers","Portland",240,9,14,9,52,4,7,11,42,1,2,32,21
21900265,"OKC",1610612760,"Thunder","Oklahoma City",240,4,7,11,42,9,14,9,52,2,1,21,32
21900266,"GSW",1610612744,"Warriors","Golden State",240,13,11,17,52,28,11,18,40,9,4,17,20
21900266,"CHI",1610612741,"Bulls","Chicago",240,28,11,18,40,13,11,17,52,4,9,20,17
21900267,"BOS",1610612738,"Celtics","Boston",240,21,13,19,50,23,13,8,48,7,6,14,24
21900267,"BKN",1610612751,"Nets","Brooklyn",240,23,13,8,48,21,13,19,50,6,7,24,14
21900268,"DET",1610612765,"Pistons","Detroit",240,10,12,15,46,14,9,10,40,4,6,16,17
21900268,"CHA",1610612766,"Hornets","Charlotte",240,14,9,10,40,10,12,15,46,6,4,17,16
21900269,"TOR",1610612761,"Raptors","Toronto",240,18,13,18,38,13,14,10,34,4,11,20,19
21900269,"ORL",1610612753,"Magic","Orlando",240,13,14,10,34,18,13,18,38,11,4,19,20
21900270,"MIL",1610612749,"Bucks","Milwaukee",240,17,14,13,54,14,3,8,44,4,1,15,22
21900270,"CLE",1610612739,"Cavaliers","Cleveland",240,14,3,8,44,17,14,13,54,1,4,22,15
21900271,"PHI",1610612755,"76ers","Philadelphia",240,14,12,6,36,18,11,5,42,10,4,23,33
21900271,"NYK",1610612752,"Knicks","New York",240,18,11,5,42,14,12,6,36,4,10,33,23
21900272,"IND",1610612754,"Pacers","Indiana",265,23,13,17,44,18,14,10,56,6,3,20,27
21900272,"ATL",1610612737,"Hawks","Atlanta",265,18,14,10,56,23,13,17,44,3,6,27,20
21900273,"MIA",1610612748,"Heat","Miami",240,14,11,8,54,15,11,7,34,3,3,30,23
21900273,"GSW",1610612744,"Warriors","Golden State",240,15,11,7,34,14,11,8,54,3,3,23,30
21900274,"UTA",1610612762,"Jazz","Utah",240,12,17,8,48,2,21,17,52,2,8,15,17
21900274,"MEM",1610612763,"Grizzlies","Memphis",240,2,21,17,52,12,17,8,48,8,2,17,15
21900275,"OKC",1610612760,"Thunder","Oklahoma City",240,18,7,4,50,16,8,9,52,8,3,17,12
21900275,"NOP",1610612740,"Pelicans","New Orleans",240,16,8,9,52,18,7,4,50,3,8,12,17
21900276,"SAS",1610612759,"Spurs","San Antonio",240,16,11,22,38,15,14,6,44,8,5,15,17
21900276,"LAC",1610612746,"Clippers","LA",240,15,14,6,44,16,11,22,38,5,8,17,15
21900277,"PHX",1610612756,"Suns","Phoenix",240,12,20,8,44,8,12,12,32,3,3,29,24
21900277,"DAL",1610612742,"Mavericks","Dallas",240,8,12,12,32,12,20,8,44,3,3,24,29
21900278,"POR",1610612757,"Trail Blazers","Portland",240,3,6,10,42,18,18,19,40,11,2,21,22
21900278,"CHI",1610612741,"Bulls","Chicago",240,18,18,19,40,3,6,10,42,2,11,22,21
21900279,"WAS",1610612764,"Wizards","Washington",240,17,10,12,36,18,22,28,56,2,8,23,20
21900279,"LAL",1610612747,"Lakers","Los Angeles",240,18,22,28,56,17,10,12,36,8,2,20,23
21900280,"SAC",1610612758,"Kings","Sacramento",265,18,18,8,52,18,4,7,46,4,5,23,21
21900280,"DEN",1610612743,"Nuggets","Denver",265,18,4,7,46,18,18,8,52,5,4,21,23
21900281,"PHI",1610612755,"76ers","Philadelphia",240,23,9,11,46,16,8,14,44,5,3,16,24
21900281,"IND",1610612754,"Pacers","Indiana",240,16,8,14,44,23,9,11,46,3,5,24,16
21900282,"HOU",1610612745,"Rockets","Houston",240,19,20,12,52,17,3,16,46,2,2,23,23
21900282,"ATL",1610612737,"Hawks","Atlanta",240,17,3,16,46,19,20,12,52,2,2,23,23
21900283,"MIL",1610612749,"Bucks","Milwaukee",240,19,6,34,54,8,18,17,36,3,1,13,18
21900283,"CHA",1610612766,"Hornets","Charlotte",240,8,18,17,36,19,6,34,54,1,3,18,13
21900284,"MIA",1610612748,"Heat","Miami",240,11,21,5,40,7,10,13,50,2,5,17,21
21900284,"BKN",1610612751,"Nets","Brooklyn",240,7,10,13,50,11,21,5,40,5,2,21,17
21900285,"NYK",1610612752,"Knicks","New York",240,12,12,10,42,20,17,17,42,6,7,25,28
21900285,"BOS",1610612738,"Celtics","Boston",240,20,17,17,42,12,12,10,42,7,6,28,25
21900286,"MIN",1610612750,"Timberwolves","Minnesota",240,14,14,9,40,19,17,13,40,6,3,21,26
21900286,"MEM",1610612763,"Grizzlies","Memphis",240,19,17,13,40,14,14,9,40,3,6,26,21
21900287,"LAL",1610612747,"Lakers","Los Angeles",240,12,10,28,58,20,23,19,46,3,1,14,20
21900287,"DAL",1610612742,"Mavericks","Dallas",240,20,23,19,46,12,10,28,58,1,3,20,14
21900288,"SAS",1610612759,"Spurs","San Antonio",240,16,10,13,44,15,19,12,70,6,5,15,14
21900288,"DET",1610612765,"Pistons","Detroit",240,15,19,12,70,16,10,13,44,5,6,14,15
21900289,"OKC",1610612760,"Thunder","Oklahoma City",240,13,10,2,44,13,3,23,34,3,7,14,22
21900289,"NOP",1610612740,"Pelicans","New Orleans",240,13,3,23,34,13,10,2,44,7,3,22,14
21900290,"ORL",1610612753,"Magic","Orlando",240,21,15,15,42,12,16,18,48,8,5,20,17
21900290,"GSW",1610612744,"Warriors","Golden State",240,12,16,18,48,21,15,15,42,5,8,17,20
21900291,"UTA",1610612762,"Jazz","Utah",240,18,21,15,46,21,7,21,46,3,8,17,24
21900291,"TOR",1610612761,"Raptors","Toronto",240,21,7,21,46,18,21,15,46,8,3,24,17
21900292,"WAS",1610612764,"Wizards","Washington",240,21,17,22,46,20,22,17,66,1,5,29,25
21900292,"LAC",1610612746,"Clippers","LA",240,20,22,17,66,21,17,22,46,5,1,25,29
21900293,"PHX",1610612756,"Suns","Phoenix",240,22,12,4,54,8,15,11,60,7,7,21,23
21900293,"CHA",1610612766,"Hornets","Charlotte",240,8,15,11,60,22,12,4,54,7,7,23,21
21900294,"UTA",1610612762,"Jazz","Utah",240,12,6,15,60,19,13,17,36,8,3,26,22
21900294,"PHI",1610612755,"76ers","Philadelphia",240,19,13,17,36,12,6,15,60,3,8,22,26
21900295,"GSW",1610612744,"Warriors","Golden State",240,11,11,2,54,25,16,17,60,8,4,20,12
21900295,"ATL",1610612737,"Hawks","Atlanta",240,25,16,17,60,11,11,2,54,4,8,12,20
21900296,"MEM",1610612763,"Grizzlies","Memphis",240,27,12,6,54,9,13,10,32,6,2,20,22
21900296,"IND",1610612754,"Pacers","Indiana",240,9,13,10,32,27,12,6,54,2,6,22,20
21900297,"NYK",1610612752,"Knicks","New York",240,18,3,17,30,15,11,29,54,7,4,21,23
21900297,"MIL",1610612749,"Bucks","Milwaukee",240,15,11,29,54,18,3,17,30,4,7,23,21
21900298,"SAC",1610612758,"Kings","Sacramento",240,22,11,11,46,23,8,7,40,5,0,26,20
21900298,"CHI",1610612741,"Bulls","Chicago",240,23,8,7,40,22,11,11,46,0,5,20,26
21900299,"DET",1610612765,"Pistons","Detroit",240,22,10,17,60,13,11,10,54,7,6,16,11
21900299,"CLE",1610612739,"Cavaliers","Cleveland",240,13,11,10,54,22,10,17,60,6,7,11,16
21900300,"WAS",1610612764,"Wizards","Washington",240,21,8,8,60,16,11,0,42,3,4,23,18
21900300,"ORL",1610612753,"Magic","Orlando",240,16,11,0,42,21,8,8,60,4,3,18,23
21900301,"TOR",1610612761,"Raptors","Toronto",265,10,13,17,44,13,15,13,50,4,7,20,27
21900301,"MIA",1610612748,"Heat","Miami",265,13,15,13,50,10,13,17,44,7,4,27,20
21900302,"NOP",1610612740,"Pelicans","New Orleans",240,10,8,12,48,18,23,8,34,4,8,19,14
21900302,"DAL",1610612742,"Mavericks","Dallas",240,18,23,8,34,10,8,12,48,8,4,14,19
21900303,"SAS",1610612759,"Spurs","San Antonio",290,14,14,17,66,16,26,18,44,8,7,27,30
21900303,"HOU",1610612745,"Rockets","Houston",290,16,26,18,44,14,14,17,66,7,8,30,27
21900304,"LAL",1610612747,"Lakers","Los Angeles",240,9,18,22,52,20,11,6,44,5,4,23,25
21900304,"DEN",1610612743,"Nuggets","Denver",240,20,11,6,44,9,18,22,52,4,5,25,23
21900305,"POR",1610612757,"Trail Blazers","Portland",240,9,8,17,46,15,15,15,46,6,3,23,15
21900305,"LAC",1610612746,"Clippers","LA",240,15,15,15,46,9,8,17,46,3,6,15,23
21900306,"GSW",1610612744,"Warriors","Golden State",240,17,9,9,44,23,9,12,38,3,7,12,20
21900306,"CHA",1610612766,"Hornets","Charlotte",240,23,9,12,38,17,9,9,44,7,3,20,12
21900307,"MIL",1610612749,"Bucks","Milwaukee",240,17,17,10,54,13,10,13,54,8,3,18,19
21900307,"DET",1610612765,"Pistons","Detroit",240,13,10,13,54,17,17,10,54,3,8,19,18
21900308,"PHX",1610612756,"Suns","Phoenix",240,18,16,18,48,18,21,9,50,0,7,20,19
21900308,"ORL",1610612753,"Magic","Orlando",240,18,21,9,50,18,16,18,48,7,0,19,20
21900309,"BKN",1610612751,"Nets","Brooklyn",240,20,28,13,66,17,20,7,70,6,9,20,19
21900309,"ATL",1610612737,"Hawks","Atlanta",240,17,20,7,70,20,28,13,66,9,6,19,20
21900310,"MIA",1610612748,"Heat","Miami",240,14,9,13,28,26,17,13,30,2,8,25,20
21900310,"BOS",1610612738,"Celtics","Boston",240,26,17,13,30,14,9,13,28,8,2,20,25
21900311,"MEM",1610612763,"Grizzlies","Memphis",240,20,22,7,56,26,9,14,32,6,13,28,22
21900311,"CHI",1610612741,"Bulls","Chicago",240,26,9,14,32,20,22,7,56,13,6,22,28
21900312,"OKC",1610612760,"Thunder","Oklahoma City",240,15,18,7,60,15,12,8,48,5,1,19,21
21900312,"IND",1610612754,"Pacers","Indiana",240,15,12,8,48,15,18,7,60,1,5,21,19
21900313,"MIN",1610612750,"Timberwolves","Minnesota",240,9,22,11,36,23,18,12,52,7,5,21,16
21900313,"DAL",1610612742,"Mavericks","Dallas",240,23,18,12,52,9,22,11,36,5,7,16,21
21900314,"UTA",1610612762,"Jazz","Utah",240,13,12,5,34,21,10,32,52,3,12,24,17
21900314,"LAL",1610612747,"Lakers","Los Angeles",240,21,10,32,52,13,12,5,34,12,3,17,24
21900315,"SAC",1610612758,"Kings","Sacramento",240,17,15,17,46,15,9,28,52,7,10,17,18
21900315,"POR",1610612757,"Trail Blazers","Portland",240,15,9,28,52,17,15,17,46,10,7,18,17
21900316,"WAS",1610612764,"Wizards","Washington",240,30,21,10,38,10,9,7,48,1,6,20,24
21900316,"PHI",1610612755,"76ers","Philadelphia",240,10,9,7,48,30,21,10,38,6,1,24,20
21900317,"NYK",1610612752,"Knicks","New York",240,13,9,6,50,18,12,11,42,7,5,16,19
21900317,"DEN",1610612743,"Nuggets","Denver",240,18,12,11,42,13,9,6,50,5,7,19,16
21900318,"TOR",1610612761,"Raptors","Toronto",240,22,16,19,50,26,24,23,28,5,2,21,24
21900318,"HOU",1610612745,"Rockets","Houston",240,26,24,23,28,22,16,19,50,2,5,24,21
21900319,"PHX",1610612756,"Suns","Phoenix",265,29,14,14,66,26,8,22,52,6,9,29,29
21900319,"NOP",1610612740,"Pelicans","New Orleans",265,26,8,22,52,29,14,14,66,9,6,29,29
21900320,"CHA",1610612766,"Hornets","Charlotte",240,19,15,8,32,32,10,16,50,6,5,16,21
21900320,"BKN",1610612751,"Nets","Brooklyn",240,32,10,16,50,19,15,8,32,5,6,21,16
21900321,"ORL",1610612753,"Magic","Orlando",240,17,14,11,36,11,8,15,40,9,7,13,19
21900321,"CLE",1610612739,"Cavaliers","Cleveland",240,11,8,15,40,17,14,11,36,7,9,19,13
21900322,"IND",1610612754,"Pacers","Indiana",240,18,2,14,46,12,25,5,48,9,5,18,17
21900322,"DET",1610612765,"Pistons","Detroit",240,12,25,5,48,18,2,14,46,5,9,17,18
21900323,"DEN",1610612743,"Nuggets","Denver",240,11,25,13,52,15,10,15,54,4,5,15,23
21900323,"BOS",1610612738,"Celtics","Boston",240,15,10,15,54,11,25,13,52,5,4,23,15
21900324,"WAS",1610612764,"Wizards","Washington",240,22,9,11,50,18,21,2,54,4,7,20,13
21900324,"MIA",1610612748,"Heat","Miami",240,18,21,2,54,22,9,11,50,7,4,13,20
21900325,"GSW",1610612744,"Warriors","Golden State",240,14,2,10,42,14,19,11,40,4,2,19,20
21900325,"CHI",1610612741,"Bulls","Chicago",240,14,19,11,40,14,2,10,42,2,4,20,19
21900326,"OKC",1610612760,"Thunder","Oklahoma City",265,20,18,2,64,16,16,11,70,9,2,20,29
21900326,"MIN",1610612750,"Timberwolves","Minnesota",265,16,16,11,70,20,18,2,64,2,9,29,20
21900327,"MIL",1610612749,"Bucks","Milwaukee",240,29,6,14,58,24,14,9,38,6,4,23,19
21900327,"LAC",1610612746,"Clippers","LA",240,24,14,9,38,29,6,14,58,4,6,19,23
21900328,"SAS",1610612759,"Spurs","San Antonio",265,9,19,5,36,21,21,7,42,5,3,16,20
21900328,"SAC",1610612758,"Kings","Sacramento",265,21,21,7,42,9,19,5,36,3,5,20,16
21900329,"POR",1610612757,"Trail Blazers","Portland",240,12,4,12,46,23,15,20,48,4,8,25,23
21900329,"LAL",1610612747,"Lakers","Los Angeles",240,23,15,20,48,12,4,12,46,8,4,23,25
21900330,"NOP",1610612740,"Pelicans","New Orleans",240,10,6,14,50,22,16,11,60,2,4,23,17
21900330,"DAL",1610612742,"Mavericks","Dallas",240,22,16,11,60,10,6,14,50,4,2,17,23
21900331,"NYK",1610612752,"Knicks","New York",240,18,12,8,48,19,4,4,44,6,9,14,17
21900331,"IND",1610612754,"Pacers","Indiana",240,19,4,4,44,18,12,8,48,9,6,17,14
21900332,"PHI",1610612755,"76ers","Philadelphia",240,29,12,30,82,9,14,7,52,8,0,16,17
21900332,"CLE",1610612739,"Cavaliers","Cleveland",240,9,14,7,52,29,12,30,82,0,8,17,16
21900333,"PHX",1610612756,"Suns","Phoenix",240,17,17,9,44,18,7,18,58,3,7,25,28
21900333,"HOU",1610612745,"Rockets","Houston",240,18,7,18,58,17,17,9,44,7,3,28,25
21900334,"UTA",1610612762,"Jazz","Utah",240,20,10,8,50,33,0,21,64,0,3,25,19
21900334,"MEM",1610612763,"Grizzlies","Memphis",240,33,0,21,64,20,10,8,50,3,0,19,25
21900335,"DEN",1610612743,"Nuggets","Denver",240,10,3,6,22,19,9,4,66,5,1,23,15
21900335,"BKN",1610612751,"Nets","Brooklyn",240,19,9,4,66,10,3,6,22,1,5,15,23
21900336,"CHA",1610612766,"Hornets","Charlotte",240,20,16,11,50,15,18,11,48,3,8,17,24
21900336,"ATL",1610612737,"Hawks","Atlanta",240,15,18,11,48,20,16,11,50,8,3,24,17
21900337,"MIA",1610612748,"Heat","Miami",265,16,12,8,38,15,8,10,40,2,1,23,31
21900337,"CHI",1610612741,"Bulls","Chicago",265,15,8,10,40,16,12,8,38,1,2,31,23
21900338,"TOR",1610612761,"Raptors","Toronto",240,28,20,15,54,16,8,12,44,4,5,22,18
21900338,"PHI",1610612755,"76ers","Philadelphia",240,16,8,12,44,28,20,15,54,5,4,18,22
21900339,"WAS",1610612764,"Wizards","Washington",240,27,16,13,42,24,14,9,46,3,4,22,26
21900339,"LAC",1610612746,"Clippers","LA",240,24,14,9,46,27,16,13,42,4,3,26,22
21900340,"SAC",1610612758,"Kings","Sacramento",240,16,10,16,50,20,11,5,42,1,1,16,11
21900340,"DAL",1610612742,"Mavericks","Dallas",240,20,11,5,42,16,10,16,50,1,1,11,16
21900341,"POR",1610612757,"Trail Blazers","Portland",240,10,11,6,42,8,22,7,34,8,2,26,22
21900341,"OKC",1610612760,"Thunder","Oklahoma City",240,8,22,7,34,10,11,6,42,2,8,22,26
21900342,"MIN",1610612750,"Timberwolves","Minnesota",240,14,8,25,52,28,11,32,70,6,1,18,19
21900342,"LAL",1610612747,"Lakers","Los Angeles",240,28,11,32,70,14,8,25,52,1,6,19,18
21900343,"LAC",1610612746,"Clippers","LA",240,10,17,13,56,11,15,20,36,7,3,16,21
21900343,"IND",1610612754,"Pacers","Indiana",240,11,15,20,36,10,17,13,56,3,7,21,16
21900344,"CLE",1610612739,"Cavaliers","Cleveland",240,18,26,10,52,18,8,17,46,2,9,11,19
21900344,"BOS",1610612738,"Celtics","Boston",240,18,8,17,46,18,26,10,52,9,2,19,11
21900345,"TOR",1610612761,"Raptors","Toronto",240,19,15,11,48,17,9,12,46,9,4,12,20
21900345,"CHI",1610612741,"Bulls","Chicago",240,17,9,12,46,19,15,11,48,4,9,20,12
21900346,"SAC",1610612758,"Kings","Sacramento",240,21,12,12,34,13,7,4,42,5,6,17,20
21900346,"HOU",1610612745,"Rockets","Houston",240,13,7,4,42,21,12,12,34,6,5,20,17
21900347,"ORL",1610612753,"Magic","Orlando",240,22,7,25,36,13,16,13,46,10,4,18,19
21900347,"MIL",1610612749,"Bucks","Milwaukee",240,13,16,13,46,22,7,25,36,4,10,19,18
21900348,"NOP",1610612740,"Pelicans","New Orleans",240,17,5,27,56,12,16,13,42,1,3,22,20
21900348,"DET",1610612765,"Pistons","Detroit",240,12,16,13,42,17,5,27,56,3,1,20,22
21900349,"PHX",1610612756,"Suns","Phoenix",240,22,26,22,52,11,20,7,66,5,7,23,23
21900349,"MIN",1610612750,"Timberwolves","Minnesota",240,11,20,7,66,22,26,22,52,7,5,23,23
21900350,"UTA",1610612762,"Jazz","Utah",240,6,6,13,52,19,3,12,42,0,7,16,20
21900350,"OKC",1610612760,"Thunder","Oklahoma City",240,19,3,12,42,6,6,13,52,7,0,20,16
21900351,"MEM",1610612763,"Grizzlies","Memphis",240,24,5,25,44,20,15,10,40,6,6,20,21
21900351,"GSW",1610612744,"Warriors","Golden State",240,20,15,10,40,24,5,25,44,6,6,21,20
21900352,"WAS",1610612764,"Wizards","Washington",240,14,16,9,46,12,18,8,40,7,4,24,26
21900352,"CHA",1610612766,"Hornets","Charlotte",240,12,18,8,40,14,16,9,46,4,7,26,24
21900353,"PHI",1610612755,"76ers","Philadelphia",240,12,16,19,38,15,4,9,48,3,9,15,14
21900353,"DEN",1610612743,"Nuggets","Denver",240,15,4,9,48,12,16,19,38,9,3,14,15
21900354,"MIA",1610612748,"Heat","Miami",265,14,14,15,68,17,11,0,44,3,6,17,23
21900354,"ATL",1610612737,"Hawks","Atlanta",265,17,11,0,44,14,14,15,68,6,3,23,17
21900355,"POR",1610612757,"Trail Blazers","Portland",240,14,10,14,34,9,13,13,48,7,3,21,18
21900355,"NYK",1610612752,"Knicks","New York",240,9,13,13,48,14,10,14,34,3,7,18,21
21900356,"HOU",1610612745,"Rockets","Houston",240,30,10,20,48,23,15,13,54,6,4,14,15
21900356,"CLE",1610612739,"Cavaliers","Cleveland",240,23,15,13,54,30,10,20,48,4,6,15,14
21900357,"IND",1610612754,"Pacers","Indiana",240,24,5,22,46,17,9,9,48,4,4,18,27
21900357,"BOS",1610612738,"Celtics","Boston",240,17,9,9,48,24,5,22,46,4,4,27,18
21900358,"ORL",1610612753,"Magic","Orlando",240,16,11,14,48,14,16,8,40,5,4,17,17
21900358,"LAL",1610612747,"Lakers","Los Angeles",240,14,16,8,40,16,11,14,48,4,5,17,17
21900359,"TOR",1610612761,"Raptors","Toronto",240,20,20,12,40,12,21,11,44,8,5,24,21
21900359,"LAC",1610612746,"Clippers","LA",240,12,21,11,44,20,20,12,40,5,8,21,24
21900360,"CHA",1610612766,"Hornets","Charlotte",240,11,17,16,36,9,18,9,52,6,3,23,21
21900360,"BKN",1610612751,"Nets","Brooklyn",240,9,18,9,52,11,17,16,36,3,6,21,23
21900361,"CHI",1610612741,"Bulls","Chicago",240,36,6,33,78,13,9,18,42,7,5,25,20
21900361,"ATL",1610612737,"Hawks","Atlanta",240,13,9,18,42,36,6,33,78,5,7,20,25
21900362,"UTA",1610612762,"Jazz","Utah",240,12,17,0,48,14,15,7,48,7,3,22,19
21900362,"MIN",1610612750,"Timberwolves","Minnesota",240,14,15,7,48,12,17,0,48,3,7,19,22
21900363,"PHX",1610612756,"Suns","Phoenix",240,27,10,12,48,11,21,9,50,4,4,20,28
21900363,"MEM",1610612763,"Grizzlies","Memphis",240,11,21,9,50,27,10,12,48,4,4,28,20
21900364,"NOP",1610612740,"Pelicans","New Orleans",240,17,14,22,36,20,12,15,48,5,2,17,17
21900364,"MIL",1610612749,"Bucks","Milwaukee",240,20,12,15,48,17,14,22,36,2,5,17,17
21900365,"SAC",1610612758,"Kings","Sacramento",240,14,15,14,48,18,7,12,38,3,8,21,16
21900365,"OKC",1610612760,"Thunder","Oklahoma City",240,18,7,12,38,14,15,14,48,8,3,16,21
21900366,"NYK",1610612752,"Knicks","New York",265,11,15,17,54,27,21,19,52,7,6,24,25
21900366,"GSW",1610612744,"Warriors","Golden State",265,27,21,19,52,11,15,17,54,6,7,25,24
21900367,"PHI",1610612755,"76ers","Philadelphia",240,9,18,10,44,12,17,10,48,8,7,19,25
21900367,"BOS",1610612738,"Celtics","Boston",240,12,17,10,48,9,18,10,44,7,8,25,19
21900368,"SAS",1610612759,"Spurs","San Antonio",265,27,3,18,56,11,14,9,50,7,3,21,22
21900368,"CLE",1610612739,"Cavaliers","Cleveland",265,11,14,9,50,27,3,18,56,3,7,22,21
21900369,"DET",1610612765,"Pistons","Detroit",240,16,13,11,50,11,18,16,50,2,5,16,21
21900369,"DAL",1610612742,"Mavericks","Dallas",240,11,18,16,50,16,13,11,50,5,2,21,16
21900370,"POR",1610612757,"Trail Blazers","Portland",240,14,13,5,50,20,18,6,38,7,2,16,13
21900370,"DEN",1610612743,"Nuggets","Denver",240,20,18,6,38,14,13,5,50,2,7,13,16
21900371,"ORL",1610612753,"Magic","Orlando",240,17,10,11,44,12,14,15,46,6,7,15,20
21900371,"HOU",1610612745,"Rockets","Houston",240,12,14,15,46,17,10,11,44,7,6,20,15
21900372,"PHI",1610612755,"76ers","Philadelphia",240,14,19,10,56,13,10,14,46,8,2,24,29
21900372,"NOP",1610612740,"Pelicans","New Orleans",240,13,10,14,46,14,19,10,56,2,8,29,24
21900374,"MIA",1610612748,"Heat","Miami",240,29,7,14,50,10,18,13,50,2,9,21,23
21900374,"LAL",1610612747,"Lakers","Los Angeles",240,10,18,13,50,29,7,14,50,9,2,23,21
21900373,"IND",1610612754,"Pacers","Indiana",240,21,9,7,68,22,16,15,60,0,4,21,20
21900373,"ATL",1610612737,"Hawks","Atlanta",240,22,16,15,60,21,9,7,68,4,0,20,21
21900375,"CHI",1610612741,"Bulls","Chicago",240,13,13,13,36,17,14,13,46,7,5,20,16
21900375,"CHA",1610612766,"Hornets","Charlotte",240,17,14,13,46,13,13,13,36,5,7,16,20
21900376,"MIL",1610612749,"Bucks","Milwaukee",240,16,16,21,54,27,10,20,26,3,5,21,26
21900376,"MEM",1610612763,"Grizzlies","Memphis",240,27,10,20,26,16,16,21,54,5,3,26,21
21900379,"UTA",1610612762,"Jazz","Utah",240,10,13,11,42,12,16,4,40,3,7,20,26
21900379,"GSW",1610612744,"Warriors","Golden State",240,12,16,4,40,10,13,11,42,7,3,26,20
21900377,"MIN",1610612750,"Timberwolves","Minnesota",240,10,9,15,54,21,8,7,38,3,2,26,30
21900377,"LAC",1610612746,"Clippers","LA",240,21,8,7,38,10,9,15,54,2,3,30,26
21900378,"SAC",1610612758,"Kings","Sacramento",240,8,9,5,32,19,22,5,56,3,3,18,18
21900378,"NYK",1610612752,"Knicks","New York",240,19,22,5,56,8,9,5,32,3,3,18,18
21900380,"SAS",1610612759,"Spurs","San Antonio",265,19,20,21,54,11,11,18,54,9,5,22,24
21900380,"PHX",1610612756,"Suns","Phoenix",265,11,11,18,54,19,20,21,54,5,9,24,22
21900381,"TOR",1610612761,"Raptors","Toronto",240,29,10,32,38,10,16,17,48,10,7,23,20
21900381,"BKN",1610612751,"Nets","Brooklyn",240,10,16,17,48,29,10,32,38,7,10,20,23
21900382,"LAC",1610612746,"Clippers","LA",240,24,10,8,46,18,16,13,50,4,9,17,25
21900382,"CHI",1610612741,"Bulls","Chicago",240,18,16,13,50,24,10,8,46,9,4,25,17
21900383,"WAS",1610612764,"Wizards","Washington",240,21,9,15,38,20,11,22,70,4,7,22,24
21900383,"MEM",1610612763,"Grizzlies","Memphis",240,20,11,22,70,21,9,15,38,7,4,24,22
21900384,"MIA",1610612748,"Heat","Miami",265,12,8,20,42,17,12,10,44,3,3,18,27
21900384,"DAL",1610612742,"Mavericks","Dallas",265,17,12,10,44,12,8,20,42,3,3,27,18
21900385,"MIL",1610612749,"Bucks","Milwaukee",240,21,12,35,58,19,14,15,40,6,3,17,19
21900385,"CLE",1610612739,"Cavaliers","Cleveland",240,19,14,15,40,21,12,35,58,3,6,19,17
21900386,"HOU",1610612745,"Rockets","Houston",240,19,17,6,54,16,11,26,48,8,6,19,15
21900386,"DET",1610612765,"Pistons","Detroit",240,16,11,26,48,19,17,6,54,6,8,15,19
21900387,"OKC",1610612760,"Thunder","Oklahoma City",240,12,4,8,52,27,14,12,58,3,3,23,23
21900387,"DEN",1610612743,"Nuggets","Denver",240,27,14,12,58,12,4,8,52,3,3,23,23
21900388,"ORL",1610612753,"Magic","Orlando",240,26,11,22,48,12,17,18,42,2,7,15,21
21900388,"NOP",1610612740,"Pelicans","New Orleans",240,12,17,18,42,26,11,22,48,7,2,21,15
21900389,"IND",1610612754,"Pacers","Indiana",240,16,14,15,44,9,23,12,42,9,5,25,21
21900389,"CHA",1610612766,"Hornets","Charlotte",240,9,23,12,42,16,14,15,44,5,9,21,25
21900390,"LAL",1610612747,"Lakers","Los Angeles",240,22,3,18,54,15,8,19,34,9,5,24,27
21900390,"ATL",1610612737,"Hawks","Atlanta",240,15,8,19,34,22,3,18,54,5,9,27,24
21900391,"PHI",1610612755,"76ers","Philadelphia",240,14,12,8,54,21,15,23,64,13,1,20,23
21900391,"BKN",1610612751,"Nets","Brooklyn",240,21,15,23,64,14,12,8,54,1,13,23,20
21900392,"NYK",1610612752,"Knicks","New York",240,10,15,12,56,12,22,14,58,2,6,19,9
21900392,"DEN",1610612743,"Nuggets","Denver",240,12,22,14,58,10,15,12,56,6,2,9,19
21900393,"SAC",1610612758,"Kings","Sacramento",240,29,6,10,46,26,5,4,44,3,1,20,17
21900393,"GSW",1610612744,"Warriors","Golden State",240,26,5,4,44,29,6,10,46,1,3,17,20
21900394,"WAS",1610612764,"Wizards","Washington",240,14,11,7,42,15,20,10,46,5,4,27,19
21900394,"DET",1610612765,"Pistons","Detroit",240,15,20,10,46,14,11,7,42,4,5,19,27
21900395,"TOR",1610612761,"Raptors","Toronto",240,18,9,29,58,9,16,4,56,2,1,19,15
21900395,"CLE",1610612739,"Cavaliers","Cleveland",240,9,16,4,56,18,9,29,58,1,2,15,19
21900396,"SAS",1610612759,"Spurs","San Antonio",240,21,6,12,34,15,14,13,56,4,6,22,19
21900396,"HOU",1610612745,"Rockets","Houston",240,15,14,13,56,21,6,12,34,6,4,19,22
21900397,"MIA",1610612748,"Heat","Miami",240,21,9,11,40,17,18,9,54,7,6,26,20
21900397,"MEM",1610612763,"Grizzlies","Memphis",240,17,18,9,54,21,9,11,40,6,7,20,26
21900398,"MIL",1610612749,"Bucks","Milwaukee",240,6,15,27,58,7,17,11,36,4,6,23,23
21900398,"DAL",1610612742,"Mavericks","Dallas",240,7,17,11,36,6,15,27,58,6,4,23,23
21900399,"OKC",1610612760,"Thunder","Oklahoma City",240,22,10,6,36,39,6,14,58,6,6,15,21
21900399,"CHI",1610612741,"Bulls","Chicago",240,39,6,14,58,22,10,6,36,6,6,21,15
21900400,"POR",1610612757,"Trail Blazers","Portland",240,28,11,18,48,23,8,8,48,9,5,27,21
21900400,"PHX",1610612756,"Suns","Phoenix",240,23,8,8,48,28,11,18,48,5,9,21,27
21900401,"SAC",1610612758,"Kings","Sacramento",240,20,15,3,42,6,17,10,52,5,8,22,18
21900401,"CHA",1610612766,"Hornets","Charlotte",240,6,17,10,52,20,15,3,42,8,5,18,22
21900402,"LAL",1610612747,"Lakers","Los Angeles",240,18,18,10,62,11,17,8,50,6,6,19,21
21900402,"IND",1610612754,"Pacers","Indiana",240,11,17,8,50,18,18,10,62,6,6,21,19
21900403,"NYK",1610612752,"Knicks","New York",240,18,17,10,72,17,10,12,52,6,3,21,21
21900403,"ATL",1610612737,"Hawks","Atlanta",240,17,10,12,52,18,17,10,72,3,6,21,21
21900404,"NOP",1610612740,"Pelicans","New Orleans",265,13,13,16,40,15,8,4,58,9,10,19,22
21900404,"BKN",1610612751,"Nets","Brooklyn",265,15,8,4,58,13,13,16,40,10,9,22,19
21900405,"UTA",1610612762,"Jazz","Utah",240,2,9,17,52,11,2,17,54,3,5,16,18
21900405,"ORL",1610612753,"Magic","Orlando",240,11,2,17,54,2,9,17,52,5,3,18,16
21900406,"PHX",1610612756,"Suns","Phoenix",240,14,15,22,42,16,8,21,54,3,4,23,15
21900406,"LAC",1610612746,"Clippers","LA",240,16,8,21,54,14,15,22,42,4,3,15,23
21900407,"CLE",1610612739,"Cavaliers","Cleveland",240,8,13,13,58,28,18,7,48,3,3,21,20
21900407,"CHA",1610612766,"Hornets","Charlotte",240,28,18,7,48,8,13,13,58,3,3,20,21
21900408,"TOR",1610612761,"Raptors","Toronto",240,17,15,15,42,10,16,10,62,6,6,20,17
21900408,"DET",1610612765,"Pistons","Detroit",240,10,16,10,62,17,15,15,42,6,6,17,20
21900409,"WAS",1610612764,"Wizards","Washington",265,15,26,7,28,21,16,7,46,7,6,20,24
21900409,"CHI",1610612741,"Bulls","Chicago",265,21,16,7,46,15,26,7,28,6,7,24,20
21900410,"PHI",1610612755,"76ers","Philadelphia",240,11,17,16,48,17,14,14,46,5,4,17,14
21900410,"MIA",1610612748,"Heat","Miami",240,17,14,14,46,11,17,16,48,4,5,14,17
21900411,"NOP",1610612740,"Pelicans","New Orleans",240,11,15,10,36,11,9,6,46,4,3,19,18
21900411,"MIN",1610612750,"Timberwolves","Minnesota",240,11,9,6,46,11,15,10,36,3,4,18,19
21900412,"OKC",1610612760,"Thunder","Oklahoma City",240,18,13,10,58,13,10,2,74,6,2,16,25
21900412,"MEM",1610612763,"Grizzlies","Memphis",240,13,10,2,74,18,13,10,58,2,6,25,16
21900414,"ORL",1610612753,"Magic","Orlando",240,18,10,9,46,19,14,17,48,5,3,19,17
21900414,"DEN",1610612743,"Nuggets","Denver",240,19,14,17,48,18,10,9,46,3,5,17,19
21900413,"DAL",1610612742,"Mavericks","Dallas",240,13,12,10,26,14,8,21,34,10,4,20,21
21900413,"BOS",1610612738,"Celtics","Boston",240,14,8,21,34,13,12,10,26,4,10,21,20
21900415,"POR",1610612757,"Trail Blazers","Portland",240,14,11,18,54,17,27,16,48,8,7,22,23
21900415,"GSW",1610612744,"Warriors","Golden State",240,17,27,16,48,14,11,18,54,7,8,23,22
21900416,"UTA",1610612762,"Jazz","Utah",240,21,14,16,62,17,4,15,46,6,1,17,27
21900416,"ATL",1610612737,"Hawks","Atlanta",240,17,4,15,46,21,14,16,62,1,6,27,17
21900417,"MIL",1610612749,"Bucks","Milwaukee",240,15,10,11,34,17,9,14,42,7,6,25,24
21900417,"LAL",1610612747,"Lakers","Los Angeles",240,17,9,14,42,15,10,11,34,6,7,24,25
21900418,"SAS",1610612759,"Spurs","San Antonio",240,25,13,14,26,17,13,12,52,8,3,19,21
21900418,"BKN",1610612751,"Nets","Brooklyn",240,17,13,12,52,25,13,14,26,3,8,21,19
21900419,"LAC",1610612746,"Clippers","LA",240,24,7,16,44,30,12,15,52,7,4,24,20
21900419,"HOU",1610612745,"Rockets","Houston",240,30,12,15,52,24,7,16,44,4,7,20,24
21900420,"MEM",1610612763,"Grizzlies","Memphis",240,22,8,23,56,11,22,14,34,8,10,17,12
21900420,"CLE",1610612739,"Cavaliers","Cleveland",240,11,22,14,34,22,8,23,56,10,8,12,17
21900421,"SAC",1610612758,"Kings","Sacramento",240,11,23,11,48,16,6,14,42,6,7,15,15
21900421,"IND",1610612754,"Pacers","Indiana",240,16,6,14,42,11,23,11,48,7,6,15,15
21900422,"DET",1610612765,"Pistons","Detroit",240,22,20,12,34,32,14,15,58,2,9,16,19
21900422,"BOS",1610612738,"Celtics","Boston",240,32,14,15,58,22,20,12,34,9,2,19,16
21900423,"WAS",1610612764,"Wizards","Washington",240,20,15,25,36,14,9,16,40,1,3,28,25
21900423,"TOR",1610612761,"Raptors","Toronto",240,14,9,16,40,20,15,25,36,3,1,25,28
21900424,"NYK",1610612752,"Knicks","New York",240,26,17,10,44,6,16,10,42,2,3,25,22
21900424,"MIA",1610612748,"Heat","Miami",240,6,16,10,42,26,17,10,44,3,2,22,25
21900425,"PHI",1610612755,"76ers","Philadelphia",240,19,8,18,38,23,8,17,48,2,4,16,17
21900425,"DAL",1610612742,"Mavericks","Dallas",240,23,8,17,48,19,8,18,38,4,2,17,16
21900426,"PHX",1610612756,"Suns","Phoenix",240,16,9,6,38,24,11,4,58,4,7,29,23
21900426,"OKC",1610612760,"Thunder","Oklahoma City",240,24,11,4,58,16,9,6,38,7,4,23,29
21900427,"MIN",1610612750,"Timberwolves","Minnesota",240,16,12,9,48,22,14,11,56,8,5,15,22
21900427,"DEN",1610612743,"Nuggets","Denver",240,22,14,11,56,16,12,9,48,5,8,22,15
21900428,"POR",1610612757,"Trail Blazers","Portland",240,11,9,21,30,14,20,11,52,11,5,24,16
21900428,"ORL",1610612753,"Magic","Orlando",240,14,20,11,52,11,9,21,30,5,11,16,24
21900429,"NOP",1610612740,"Pelicans","New Orleans",240,19,16,15,46,17,10,19,32,5,4,19,24
21900429,"GSW",1610612744,"Warriors","Golden State",240,17,10,19,32,19,16,15,46,4,5,24,19
21900430,"UTA",1610612762,"Jazz","Utah",240,16,12,3,36,24,19,15,48,4,4,27,25
21900430,"CHA",1610612766,"Hornets","Charlotte",240,24,19,15,48,16,12,3,36,4,4,25,27
21900431,"BKN",1610612751,"Nets","Brooklyn",240,22,17,16,66,16,15,17,50,4,5,18,22
21900431,"ATL",1610612737,"Hawks","Atlanta",240,16,15,17,50,22,17,16,66,5,4,22,18
21900432,"DET",1610612765,"Pistons","Detroit",240,23,13,8,46,19,14,19,42,4,4,20,13
21900432,"CHI",1610612741,"Bulls","Chicago",240,19,14,19,42,23,13,8,46,4,4,13,20
21900433,"WAS",1610612764,"Wizards","Washington",240,11,15,15,46,12,17,19,54,3,4,21,26
21900433,"PHI",1610612755,"76ers","Philadelphia",240,12,17,19,54,11,15,15,46,4,3,26,21
21900434,"NYK",1610612752,"Knicks","New York",240,10,9,5,42,20,20,19,32,6,14,27,16
21900434,"MIL",1610612749,"Bucks","Milwaukee",240,20,20,19,32,10,9,5,42,14,6,16,27
21900435,"SAC",1610612758,"Kings","Sacramento",240,22,31,17,60,13,5,20,40,3,6,23,16
21900435,"MEM",1610612763,"Grizzlies","Memphis",240,13,5,20,40,22,31,17,60,6,3,16,23
21900436,"SAS",1610612759,"Spurs","San Antonio",240,17,4,13,40,36,23,26,74,8,2,20,19
21900436,"LAC",1610612746,"Clippers","LA",240,36,23,26,74,17,4,13,40,2,8,19,20
21900437,"PHX",1610612756,"Suns","Phoenix",240,14,14,11,64,16,6,13,50,1,5,18,23
21900437,"HOU",1610612745,"Rockets","Houston",240,16,6,13,50,14,14,11,64,5,1,23,18
21900438,"POR",1610612757,"Trail Blazers","Portland",240,20,16,10,42,10,7,7,40,13,8,21,18
21900438,"MIN",1610612750,"Timberwolves","Minnesota",240,10,7,7,40,20,16,10,42,8,13,18,21
21900439,"TOR",1610612761,"Raptors","Toronto",240,18,17,17,50,12,17,10,30,5,4,21,22
21900439,"DAL",1610612742,"Mavericks","Dallas",240,12,17,10,30,18,17,17,50,4,5,22,21
21900440,"CHA",1610612766,"Hornets","Charlotte",240,18,2,2,44,10,16,10,56,5,9,17,24
21900440,"BOS",1610612738,"Celtics","Boston",240,10,16,10,56,18,2,2,44,9,5,24,17
21900441,"MIL",1610612749,"Bucks","Milwaukee",240,11,21,18,48,5,15,14,34,9,5,7,15
21900441,"IND",1610612754,"Pacers","Indiana",240,5,15,14,34,11,21,18,48,5,9,15,7
21900442,"OKC",1610612760,"Thunder","Oklahoma City",240,27,13,4,60,16,8,3,40,4,2,20,23
21900442,"LAC",1610612746,"Clippers","LA",240,16,8,3,40,27,13,4,60,2,4,23,20
21900443,"LAL",1610612747,"Lakers","Los Angeles",240,9,22,9,56,24,22,22,62,9,2,25,19
21900443,"DEN",1610612743,"Nuggets","Denver",240,24,22,22,62,9,22,9,56,2,9,19,25
21900444,"CLE",1610612739,"Cavaliers","Cleveland",240,17,17,10,66,32,7,12,46,6,7,16,20
21900444,"ATL",1610612737,"Hawks","Atlanta",240,32,7,12,46,17,17,10,66,7,6,20,16
21900445,"PHI",1610612755,"76ers","Philadelphia",240,22,16,13,62,17,10,15,54,8,1,21,14
21900445,"DET",1610612765,"Pistons","Detroit",240,17,10,15,54,22,16,13,62,1,8,14,21
21900446,"TOR",1610612761,"Raptors","Toronto",265,15,13,24,46,22,9,12,38,8,8,22,22
21900446,"IND",1610612754,"Pacers","Indiana",265,22,9,12,38,15,13,24,46,8,8,22,22
21900447,"WAS",1610612764,"Wizards","Washington",240,15,24,12,56,11,18,10,50,7,10,12,25
21900447,"NYK",1610612752,"Knicks","New York",240,11,18,10,50,15,24,12,56,10,7,25,12
21900448,"ORL",1610612753,"Magic","Orlando",240,17,8,12,48,13,7,6,38,13,5,15,17
21900448,"CHI",1610612741,"Bulls","Chicago",240,13,7,6,38,17,8,12,48,5,13,17,15
21900449,"UTA",1610612762,"Jazz","Utah",240,18,12,7,50,12,13,13,46,6,3,21,16
21900449,"MIA",1610612748,"Heat","Miami",240,12,13,13,46,18,12,7,50,3,6,16,21
21900450,"SAS",1610612759,"Spurs","San Antonio",240,17,7,21,60,16,21,17,56,4,0,14,19
21900450,"MEM",1610612763,"Grizzlies","Memphis",240,16,21,17,56,17,7,21,60,0,4,19,14
21900451,"PHX",1610612756,"Suns","Phoenix",240,20,12,15,48,23,5,4,42,0,1,19,24
21900451,"DEN",1610612743,"Nuggets","Denver",240,23,5,4,42,20,12,15,48,1,0,24,19
21900452,"POR",1610612757,"Trail Blazers","Portland",240,14,12,12,48,13,14,14,36,6,6,17,19
21900452,"NOP",1610612740,"Pelicans","New Orleans",240,13,14,14,36,14,12,12,48,6,6,19,17
21900453,"SAC",1610612758,"Kings","Sacramento",240,17,14,23,62,19,9,15,46,4,3,24,22
21900453,"HOU",1610612745,"Rockets","Houston",240,19,9,15,46,17,14,23,62,3,4,22,24
21900454,"MIN",1610612750,"Timberwolves","Minnesota",240,28,12,25,40,18,19,22,48,7,6,18,27
21900454,"GSW",1610612744,"Warriors","Golden State",240,18,19,22,48,28,12,25,40,6,7,27,18
21900455,"TOR",1610612761,"Raptors","Toronto",240,21,4,12,54,20,24,15,52,7,3,13,22
21900455,"BOS",1610612738,"Celtics","Boston",240,20,24,15,52,21,4,12,54,3,7,22,13
21900456,"PHI",1610612755,"76ers","Philadelphia",240,7,16,18,34,11,13,16,54,7,6,12,15
21900456,"MIL",1610612749,"Bucks","Milwaukee",240,11,13,16,54,7,16,18,34,6,7,15,12
21900457,"HOU",1610612745,"Rockets","Houston",240,13,12,14,34,12,13,18,52,3,8,25,18
21900457,"GSW",1610612744,"Warriors","Golden State",240,12,13,18,52,13,12,14,34,8,3,18,25
21900458,"LAL",1610612747,"Lakers","Los Angeles",240,15,12,20,42,19,16,21,54,10,6,23,17
21900458,"LAC",1610612746,"Clippers","LA",240,19,16,21,54,15,12,20,42,6,10,17,23
21900459,"NOP",1610612740,"Pelicans","New Orleans",240,14,22,12,32,27,22,19,46,5,4,14,15
21900459,"DEN",1610612743,"Nuggets","Denver",240,27,22,19,46,14,22,12,32,4,5,15,14
